## Redaxo Database Dump Version 5
## Prefix rex_
## charset utf-8

SET FOREIGN_KEY_CHECKS = 0;

DROP TABLE IF EXISTS `rex_action`;
CREATE TABLE `rex_action` (
  `id` int(10) unsigned NOT NULL AUTO_INCREMENT,
  `name` varchar(255) NOT NULL,
  `preview` text,
  `presave` text,
  `postsave` text,
  `previewmode` tinyint(4) DEFAULT NULL,
  `presavemode` tinyint(4) DEFAULT NULL,
  `postsavemode` tinyint(4) DEFAULT NULL,
  `createuser` varchar(255) NOT NULL,
  `createdate` datetime NOT NULL,
  `updateuser` varchar(255) NOT NULL,
  `updatedate` datetime NOT NULL,
  `revision` int(10) unsigned NOT NULL,
  PRIMARY KEY (`id`)
) ENGINE=InnoDB DEFAULT CHARSET=utf8;
DROP TABLE IF EXISTS `rex_article`;
CREATE TABLE `rex_article` (
  `pid` int(10) unsigned NOT NULL AUTO_INCREMENT,
  `id` int(10) unsigned NOT NULL,
  `parent_id` int(10) unsigned NOT NULL,
  `name` varchar(255) NOT NULL,
  `catname` varchar(255) NOT NULL,
  `catpriority` int(10) unsigned NOT NULL,
  `startarticle` tinyint(1) NOT NULL,
  `priority` int(10) unsigned NOT NULL,
  `path` varchar(255) NOT NULL,
  `status` tinyint(1) NOT NULL,
  `createdate` datetime NOT NULL,
  `updatedate` datetime NOT NULL,
  `template_id` int(10) unsigned NOT NULL,
  `clang_id` int(10) unsigned NOT NULL,
  `createuser` varchar(255) NOT NULL,
  `updateuser` varchar(255) NOT NULL,
  `revision` int(10) unsigned NOT NULL,
  `art_online_from` text,
  `art_online_to` text,
  `art_file` varchar(255) DEFAULT '',
  `art_darken` varchar(255) DEFAULT '',
  `art_gallery` text,
  `cat_pic` varchar(255) DEFAULT '',
  `cat_description` text,
  `cat_teaser_legend` text,
  `art_description` text,
  `art_keywords` text,
  `art_title` text,
  PRIMARY KEY (`pid`),
  UNIQUE KEY `find_articles` (`id`,`clang_id`),
  KEY `id` (`id`),
  KEY `clang_id` (`clang_id`),
  KEY `parent_id` (`parent_id`)
) ENGINE=InnoDB AUTO_INCREMENT=31 DEFAULT CHARSET=utf8;

LOCK TABLES `rex_article` WRITE;
/*!40000 ALTER TABLE `rex_article` DISABLE KEYS */;
INSERT INTO `rex_article` VALUES 
  (1,1,0,'Startseite','Startseite',1,1,1,'|',1,'2015-11-30 17:35:05','2016-10-18 17:38:42',1,1,'admin','admin',0,'','','','','forest.jpg,fog_mountain.jpg,beach_photograph.jpg','','','','Diese Website ist eine Demo-Website für REDAXO 5.','REDAXO Open-Source-CMS','Demo für das REDAXO Open-Source-CMS'),
  (2,2,0,'Struktur','Struktur',2,1,1,'|',1,'2016-01-13 15:12:47','2016-05-30 11:52:56',1,1,'admin','admin',0,'','','more_forest.jpg','0.4','','','','','','',''),
  (3,3,0,'Templates','Templates',3,1,1,'|',1,'2016-01-12 00:29:49','2016-01-05 22:38:12',1,1,'admin','admin',0,'','','hut_in_the_wood.jpg','','','','','','','',''),
  (4,4,0,'Module','Module',4,1,1,'|',1,'2015-11-30 17:35:08','2016-10-18 16:54:17',1,1,'admin','decaf',0,'','','rainy_sea.jpg','','','','','','','',''),
  (5,5,0,'AddOns','AddOns',6,1,1,'|',1,'2015-11-30 17:35:07','2016-06-03 00:38:57',2,1,'admin','admin',0,'','','mountain_mood.jpg','','','','','','','',''),
  (6,6,0,'Footer','_Hilfsartikel',8,1,1,'|',0,'2015-12-30 19:34:41','2017-08-17 17:21:23',7,1,'admin','admin',0,'','','','','','','','','','',''),
  (7,7,0,'Kontakt','Kontakt',7,1,2,'|',1,'2015-12-20 07:13:06','2016-06-02 19:41:12',2,1,'admin','admin',0,'0','0','evening_mood.jpg','','','','','','','',''),
  (8,8,5,'Editoren','Editoren',1,1,1,'|5|',1,'2015-12-20 09:34:12','2016-10-18 16:40:23',2,1,'admin','decaf',0,'','','','','','walking_forest.jpg','Der Editor - das Werkzeug, mit dem der Redakteur seine Texte formatieren kann – ist ein zentrales Element in einem CMS. Man hat die Wahl zwischen einem WYSIWYG-Editor, der die Formatierung darzustellen versucht, und einem auf Textile oder Markdown basierenden Editor, der erst beim Rendern der Seite Kürzel durch gültiges HTML ersetzt.','','','',''),
  (9,9,5,'YForm','YForm',3,1,2,'|5|',1,'2016-01-14 10:48:47','2016-06-01 14:19:16',2,1,'admin','admin',0,'','','','','','more_forest.jpg','YForm hilft primär beim schnellen Erstellen von Formularen. Integriert ist aber auch die Möglichkeit, sich eigene Datenverwaltungen \"zusammenzuklicken\"- sei es für individuelle Tabellen oder zur Speicherung von mittels Formular eingegebenen Daten.','','','',''),
  (10,10,5,'Developer','Developer',2,1,1,'|5|',1,'2015-12-28 14:12:20','2016-05-31 10:47:39',2,1,'admin','admin',0,'','','','','','sad-trees.jpg','Durch das Developer-AddOn wird es möglich, die normalerweise in Textfeldern zu bearbeitenden Module und Templates dateibasiert direkt mit seinem Code-Editor bearbeiten zu können. Diese dateibasierten Änderungen schreibt das AddOn dann in die REDAXO-Datenbank zurück.','','','',''),
  (11,11,5,'YRewrite','YRewrite',4,1,1,'|5|',1,'2016-01-13 15:24:47','2016-06-01 14:18:34',2,1,'admin','admin',0,'','','','','','northern_lights.jpg','YRewrite dient zum Generieren von \"sprechenden\" URLs und verwaltet die Meta-Tags Description und Keywords. Außerdem erzeugt es eine sitemap.xml, ist Multidomainfähig und kann Weiterleitungen verwalten.','','','',''),
  (12,12,6,'Download','_Hilfsartikel',0,0,2,'|6|',0,'2015-12-31 13:02:45','2016-02-02 12:54:49',9,1,'admin','admin',0,'','','','','','','','','','',''),
  (13,13,0,'Fehlerseite','',0,0,1,'|',1,'2016-01-13 14:29:41','2016-05-30 11:50:09',1,1,'admin','admin',0,'','','manviewingmountains.jpg','','','','','','','',''),
  (14,14,5,'Was noch?','Was noch?',5,1,1,'|5|',1,'2016-01-13 23:00:39','2016-06-01 13:27:50',2,1,'admin','admin',0,'','','','','','eagle.jpg','Es gibt natürlich noch mehr AddOn-Empfehlungen. Wir listen hier einige unserer persönlichen Favoriten auf, ohne Anspruch auf Vollständigkeit.','','','',''),
  (15,1,0,'Home','Home',1,1,1,'|',1,'2016-05-30 11:49:28','2016-06-02 17:11:19',1,2,'admin','admin',0,'','','','','forest.jpg,fog_mountain.jpg,beach_photograph.jpg','','','','This site is a REDAXO 5 CMS demo.','REDAXO open source CMS','REDAXO open source CMS demo'),
  (16,2,0,'Structure','Structure',2,1,1,'|',1,'2016-05-30 11:53:50','2016-06-02 17:13:29',1,2,'admin','admin',0,'','','more_forest.jpg','0.4','','','','','','',''),
  (17,3,0,'Templates','Templates',3,1,1,'|',1,'2016-05-30 11:53:50','2016-06-02 17:17:30',1,2,'admin','admin',0,'','','hut_in_the_wood.jpg','','','','','','','',''),
  (18,4,0,'Modules','Modules',4,1,1,'|',1,'2016-05-30 11:53:49','2016-10-18 16:54:28',1,2,'admin','decaf',0,'','','rainy_sea.jpg','','','','','','','',''),
  (19,5,0,'Addons','Addons',6,1,1,'|',1,'2016-05-30 11:53:48','2016-05-31 12:27:58',2,2,'admin','admin',0,'','','mountain_mood.jpg','','','','','','','',''),
  (20,6,0,'Footer','_Helpers',8,1,1,'|',0,'2016-05-30 15:47:44','2017-08-17 22:18:42',7,2,'admin','admin',0,'','','','','','','','','','',''),
  (21,7,0,'Contact','Contact',7,1,2,'|',1,'2016-05-30 11:53:46','2016-06-02 19:40:47',2,2,'admin','admin',0,'0','0','evening_mood.jpg','','','','','','','',''),
  (22,8,5,'Editors','Editors',1,1,1,'|5|',1,'2016-05-30 11:53:40','2016-10-18 16:49:16',2,2,'admin','decaf',0,'','','','','','walking_forest.jpg','The editor—which is the tool helping authors to format their texts—is a central element of a CMS. You can choose between a WYSIWYG editor trying to format your content right in the edit mode, or a textile or markdown based editor which transforms text markers to valid HTML when rendering the page.','','','',''),
  (23,9,5,'YForm','YForm',3,1,2,'|5|',1,'2016-05-30 11:53:41','2016-06-01 14:47:17',2,2,'admin','admin',0,'','','','','','more_forest.jpg','YForm primarily helps you developing forms. However, it lets you set up data storages within “mouse clicks”, and you may use them for custom tables or saving form data.','','','',''),
  (24,10,5,'Developer','Developer',2,1,1,'|5|',1,'2016-05-30 11:53:40','2016-06-02 17:32:44',2,2,'admin','admin',0,'','','','','','sad-trees.jpg','The Developer addon enables you to edit modules and templates not only in the specified textareas, but right in your code editor. It syncs your changes to files back to the REDAXO database.','','','',''),
  (25,11,5,'YRewrite','YRewrite',4,1,1,'|5|',1,'2016-05-30 11:53:42','2016-06-02 17:33:49',2,2,'admin','admin',0,'','','','','','northern_lights.jpg','YRewrite generates clean URLs and also manages meta descriptions and keywords. Moreover, it generates a sitemap.xml, supports multiple domains and manages redirects.','','','',''),
  (26,12,6,'Download','_Helpers',0,0,2,'|6|',0,'2015-12-31 13:02:45','2016-05-30 11:50:03',9,2,'admin','admin',0,'','','','','','','','','','',''),
  (27,13,0,'Error page','',0,0,1,'|',1,'2016-01-13 14:29:41','2016-05-30 12:31:06',1,2,'admin','admin',0,'','','manviewingmountains.jpg','','','','','','','',''),
  (28,14,5,'What else?','What else?',5,1,1,'|5|',1,'2016-05-30 11:53:42','2016-06-01 13:27:26',2,2,'admin','admin',0,'','','','','','eagle.jpg','Certainly there are quite more addon recommendations. Without intending to be exhaustive, we’ll list some more of our personal favourites.','','','',''),
  (29,15,0,'Sprachen','Sprachen',5,1,1,'|',1,'2016-05-30 10:19:08','2016-06-02 11:22:59',1,1,'admin','admin',0,'','','eagle.jpg','0.4','','','','','','',''),
  (30,15,0,'Languages','Languages',5,1,1,'|',1,'2016-05-30 11:53:48','2016-06-02 17:02:25',1,2,'admin','admin',0,'','','eagle.jpg','0.4','','','','','','','');
/*!40000 ALTER TABLE `rex_article` ENABLE KEYS */;
UNLOCK TABLES;

DROP TABLE IF EXISTS `rex_article_slice`;
CREATE TABLE `rex_article_slice` (
  `id` int(10) unsigned NOT NULL AUTO_INCREMENT,
  `clang_id` int(10) unsigned NOT NULL,
  `ctype_id` int(10) unsigned NOT NULL,
  `priority` int(10) unsigned NOT NULL,
  `value1` text,
  `value2` text,
  `value3` text,
  `value4` text,
  `value5` text,
  `value6` text,
  `value7` text,
  `value8` text,
  `value9` text,
  `value10` text,
  `value11` text,
  `value12` text,
  `value13` text,
  `value14` text,
  `value15` text,
  `value16` text,
  `value17` text,
  `value18` text,
  `value19` text,
  `value20` text,
  `media1` varchar(255) DEFAULT NULL,
  `media2` varchar(255) DEFAULT NULL,
  `media3` varchar(255) DEFAULT NULL,
  `media4` varchar(255) DEFAULT NULL,
  `media5` varchar(255) DEFAULT NULL,
  `media6` varchar(255) DEFAULT NULL,
  `media7` varchar(255) DEFAULT NULL,
  `media8` varchar(255) DEFAULT NULL,
  `media9` varchar(255) DEFAULT NULL,
  `media10` varchar(255) DEFAULT NULL,
  `medialist1` text,
  `medialist2` text,
  `medialist3` text,
  `medialist4` text,
  `medialist5` text,
  `medialist6` text,
  `medialist7` text,
  `medialist8` text,
  `medialist9` text,
  `medialist10` text,
  `link1` varchar(10) DEFAULT NULL,
  `link2` varchar(10) DEFAULT NULL,
  `link3` varchar(10) DEFAULT NULL,
  `link4` varchar(10) DEFAULT NULL,
  `link5` varchar(10) DEFAULT NULL,
  `link6` varchar(10) DEFAULT NULL,
  `link7` varchar(10) DEFAULT NULL,
  `link8` varchar(10) DEFAULT NULL,
  `link9` varchar(10) DEFAULT NULL,
  `link10` varchar(10) DEFAULT NULL,
  `linklist1` text,
  `linklist2` text,
  `linklist3` text,
  `linklist4` text,
  `linklist5` text,
  `linklist6` text,
  `linklist7` text,
  `linklist8` text,
  `linklist9` text,
  `linklist10` text,
  `article_id` int(10) unsigned NOT NULL,
  `module_id` int(10) unsigned NOT NULL,
  `createdate` datetime NOT NULL,
  `updatedate` datetime NOT NULL,
  `createuser` varchar(255) NOT NULL,
  `updateuser` varchar(255) NOT NULL,
  `revision` int(11) NOT NULL,
  `group_template` int(10) NOT NULL,
  `group_closed` int(10) NOT NULL,
  PRIMARY KEY (`id`),
  KEY `slice_priority` (`article_id`,`priority`,`module_id`),
  KEY `clang_id` (`clang_id`),
  KEY `article_id` (`article_id`),
  KEY `find_slices` (`clang_id`,`article_id`)
) ENGINE=InnoDB AUTO_INCREMENT=144 DEFAULT CHARSET=utf8;

LOCK TABLES `rex_article_slice` WRITE;
/*!40000 ALTER TABLE `rex_article_slice` DISABLE KEYS */;
INSERT INTO `rex_article_slice` VALUES 
  (1,1,1,6,'Erklärung zur rex_navigation','h3','Diese Zeile definiert die Ausgabe der Navigation\r\n@$nav->get(0,-1,FALSE,TRUE);@\r\n\r\n* Mit dem ersten Parameter – hier “0” – definiert man, an welcher Stelle die Navigation startet. Mit “0” beginnt die Navigation in der obersten Ebene.\r\n* Der zweite Parameter legt die Anzahl der Ebenen fest: “-1” bedeutet, dass alle Ebenen ausgegeben werden. Ansonsten wird hier die Anzahl der Ebenen eingetragen. Ein häufiger Wert ist 2 oder 3.\r\n* Mit dem dritten Parameter legst Du fest, ob alle Kategorien oder nur die aktiven Kategorien ausgegeben werden. “FALSE” erzeugt quasi eine Sitemap mit allen Kategorien, “TRUE” eine “normale” Navigation: Unterkategorien werden dann nur anzeigt, wenn man sich in der jeweiligen Hauptkategorie befindet.\r\n* Der vierte Parameter definiert, ob nur Artikel angezeigt werden, die online sind (“TRUE”) oder auch Offline-Artikel (“FALSE”).','','','','','','','','','','','','','true','','','mtb','','','','','','','','','','','','','','','','','','','','','','','','','','','','','','','','','','','','','','','','','',2,2,'2015-11-30 20:29:50','2016-03-19 12:43:15','admin','admin',0,0,0),
  (2,1,1,1,'Template-Struktur und Navigationen','','','','','','','','','','','','','','','','','','','','','','','','','','','','','','','','','','','','','','','','','','','','','','','','','','','','','','','','','','','',2,1,'2015-12-01 10:27:02','2015-12-28 13:53:11','admin','admin',0,0,0),
  (3,1,1,2,'h3. Konzept\r\n\r\nEs gibt für den Aufbau einer Website meist nicht \"den einzig richtigen Weg\". Beim Anlegen der Struktur, der Templates und Module existieren oft mehrere sinnvolle Wege, um das gewünschte Ziel zu erreichen. Meist hängen die besten Lösungswege auch vom jeweiligen Kontext ab.\r\nDas macht es für REDAXO-Anfänger mitunter schwer und das Schreiben eines Redakteur-Handbuchs nahezu unmöglich, da die perfekte Struktur je nach Website sehr unterschiedlich sein kann.','h3. Frameworks und Skripte\r\n\r\nDiese Website nutzt \"Boostrap\":http://getbootstrap.com/ als CSS-Framework. Als Icon-Zeichensatz wird der zu Bootstrap gehörende Zeichensatz \"Font Awesome\":https://fortawesome.github.io/Font-Awesome/ verwendet.\r\n\r\nWeiterhin kommen Jquery sowie diverse Jquery-Plugins zum Einsatz wie \"PrettyPhoto\":http://www.no-margin-for-errors.com/projects/prettyphoto-jquery-lightbox-clone/ (Lightbox Galerie), \"Flexslider\":https://www.woothemes.com/flexslider/ (Slider auf der Startseite) oder \"Prettify\":https://github.com/google/code-prettify (Formatierung von Code).\r\n\r\nKurze Erläuterungen der \"verwendeten Redaxo-AddOns findest Du auf einer eigenen Seite\":redaxo://3.','','','','','','','2','','h2','','','','','','','','mb','','','','','','','','','','','','','','','','','','','','','','','','','','','','','','','','','','','','','','','','','',2,3,'2015-12-01 10:27:38','2016-01-05 22:31:55','admin','admin',0,0,0),
  (5,1,1,3,'Bitte betrachte diese Demo-Website daher nicht als Maßgabe, wie man mit REDAXO zu arbeiten hat, sondern als EINEN möglichen und durchaus subjektiven Ansatz, eine Website aufzubauen.','Das REDAXO-Team','','','','','','','','','','','','','','','','','','','more_forest.jpg','','','','','','','','','','','','','','','','','','','','','','','','','','','','','','','','','','','','','','','',2,5,'2015-12-18 23:25:02','2015-12-31 01:07:34','admin','admin',0,0,0),
  (6,1,1,8,'<?php\r\n$path = explode(\"|\",$this->getValue(\"path\").$this->getValue(\"article_id\").\"|\");\r\n$path1 = ((!empty($path[1])) ? $path[1] : \'\');\r\n\r\necho \'<ul>\';\r\n\r\nforeach (rex_category::getRootCategories() as $lev1) {\r\n\r\n	if ($lev1->isOnline(true)) {\r\n		\r\n		if ($lev1->getId() == $path1) {\r\n			echo \'<li class=\"active\"><a href=\"\'.$lev1->getUrl().\'\">\'.htmlspecialchars($lev1->getValue(\'name\')).\'</a></li>\';\r\n		} else {\r\n			echo \'<li><a href=\"\'.$lev1->getUrl().\'\">\'.htmlspecialchars($lev1->getValue(\'name\')).\'</a></li>\';\r\n		}\r\n	 \r\n	}\r\n}\r\n\r\necho \'<ul>\';\r\n?>\r\n','','','','','','','','','','','','','','','','','','','','','','','','','','','','','','','','','','','','','','','','','','','','','','','','','','','','','','','','','','','',2,10,'2015-12-19 18:49:55','2016-01-13 15:14:33','admin','admin',0,0,0),
  (7,1,1,7,'Eigene Navigation','h3','Auch wenn die rex_navigation für viele Anwendungsfälle ausreicht, so wird man manchmal auch Navigationen selbst erstellen müssen.\r\nAusgehend von dem \"Path\"-Feld jedes Artikels, der ähnlich einem Brotkrumenpfad Informationen darüber enthält, wo in der Seitenstruktur sich dieser Artikel befindet, kann man mit ein wenig PHP-Kenntnissen relativ rasch eine Navigation seiner Wahl zusammenbauen.\r\n\r\nHier sieht man den Code für die Navigation dieser Demo, der Einfachheit halber aber nur für die erste Ebene. Der komplette Code für beide Ebenen befindet sich im Template \"05 . Navigation\".','','','','','','','','','','','','','','','','mt','','','','','','','','','','','','','','','','','','','','','','','','','','','','','','','','','','','','','','','','','',2,2,'2015-12-19 18:50:25','2016-03-19 12:43:40','admin','admin',0,0,0),
  (8,1,1,5,'<?php \r\n$nav = rex_navigation::factory();\r\n\r\necho \'<div id=\"navigation\">\';\r\necho $nav->get(0,2,TRUE,TRUE);\r\necho \'</div>\';\r\n?>\r\n','','','','','','','','','','','','','','','','','','','','','','','','','','','','','','','','','','','','','','','','','','','','','','','','','','','','','','','','','','','',2,10,'2015-12-19 18:51:14','2015-12-28 14:04:19','admin','admin',0,0,0),
  (9,1,1,2,'','','text|vorname|{{ form_firstname }}|\r\nvalidate|empty|vorname|{{ form_error_firstname }}\r\n\r\ntext|nachname|{{ form_lastname }}|\r\nvalidate|empty|nachname|{{ form_error_lastname }}\r\n\r\ntextarea|nachricht|{{ form_message }}|\r\nvalidate|empty|nachricht|{{ form_error_message }}\r\n\r\nsubmit||{{ form_send }}|no_db|btn btn-theme','','###vorname###\r\n###nachname###\r\n###nachricht###','Es klappt','0','','','','1','','','','','','','','','','','','','','','','','','','','','','','','','','','','','','','','','','','','','','','','','','','','','','','','','',7,17,'2015-12-20 07:13:35','2016-05-30 20:48:43','admin','admin',0,0,0),
  (10,1,1,3,'Eine Kurze Übersicht der hier in dieser Demo verwendeten Module','','','','','','','','','','','','','','','','','','','','','','','','','','','','','','','','','','','','','','','','','','','','','','','','','','','','','','','','','','','',4,1,'2015-12-20 12:06:47','2015-12-30 18:54:33','admin','admin',0,0,0),
  (11,1,1,4,'','h2','Dies ist ein Beispiel für Fließtext und die Eingabemöglichkeit mit dem Markitup-Editor sowie der Textile-Syntax.\r\nEinmal \"Enter\" erzeugt eine Zeilenschaltung, zweimal \"Enter\" einen Absatz.\r\n\r\nHier kommt *eine fette Passage*. Dann wieder eine normale Passage. _Und dann wieder eine kursive Passage_. Auch einen \"internen Link\":redaxo://2 kannst Du setzen und natürlich auch \"einen externen Link\":http://redaxo.org und ebenso einen \"Mail-Link\":mailto:info@redaxo.org.\r\n\r\nh4. Auch Quelltext-Formatierung ist möglich\r\n\r\n@$textile = htmlspecialchars_decode(rex_global_settings::getValue(\'glob_info\'));@\r\n\r\nh4. Ein Zitat würde so aussehen:\r\n\r\nbq. Nichts auf der Welt ist so stark wie eine Idee, deren Zeit gekommen ist. \r\n_Victor Hugo_','','','','','','','','','','','','','','vd','true','','','','','','','','','','','','','','','','','','','','','','','','','','','','','','','','','','','','','','','','','','',4,2,'2015-12-20 12:07:27','2016-10-18 16:54:17','admin','decaf',0,0,0),
  (12,1,1,5,'','h2','h4. Unnummerierte Liste\r\n\r\n* Dies ist ein Listenpunkt einer unnummerierten Liste.\r\n* Listenpunkte werden in je einer Zeile notiert.\r\n* Ein * erzeugt einen unnummerierten Listenpunkt, ein # einen nummerierten Listenpunkt.\r\n\r\nh4. Nummerierte Liste\r\n\r\n# Dies ist ein Listenpunkt einer unnummerierten Liste.\r\n# Listenpunkte werden in je einer Zeile notiert.\r\n# Ein * erzeugt einen unnummerierten Listenpunkt, ein # einen nummerierten Listenpunkt.','','','','','','','','','','','','','','vd','true','mb','','','','','','','','','','','','','','','','','','','','','','','','','','','','','','','','','','','','','','','','','',4,2,'2015-12-20 12:07:44','2016-03-19 12:55:59','admin','admin',0,0,0),
  (13,1,1,8,'Tabellenzeilen kannst Du im Textile-Editor mit Trennstrichen erzeugen: |\r\nAlle Zeilen müssen natürlich die gleiche Zellenzahl haben.','','','','','','','','','','','','','','','','','','','','sad-trees.jpg','','','','','','','','','','','','','','','','','','','','','','','','','','','','','','','','','','','','','','','',4,5,'2015-12-20 12:08:05','2015-12-20 16:51:53','admin','admin',0,0,0),
  (14,1,1,9,'Tabellen','h3','|_. Spaltenkopf|_. Spaltenkopf|_. Spaltenkopf|\r\n|Zelle|Zelle|Zelle|\r\n|Zelle|Zelle|Zelle|\r\n|Zelle|Zelle|Zelle|','','','','','','','','','','','','','','','','mt','','','','','','','','','','','','','','','','','','','','','','','','','','','','','','','','','','','','','','','','','',4,2,'2015-12-20 12:08:20','2016-01-12 14:45:47','admin','admin',0,0,0),
  (15,1,1,10,'','h4. Bootstrap\r\n\r\nDiese Demo basiert auf dem Bootstrap-CSS-Framework. Man kann daher über die Angabe von CSS-Klassen die Spaltenbreite steuern, auch optimiert verschiedene Screenbreiten.\r\n\r\nWie man – hier noch in sehr simpler Weise – damit arbeiten kann, zeigt dieses Modul: Der Redakteur kann wählen, ob er 1, 2 oder 3 Spalten nutzen will. In jeder Spalte kann man ein Bild und Text platzieren.\r\n\r\nDie Bilder werden über den Image Manager auf die gleichen Proportionen \"gezwungen\", so dass nebeneinander stehende Bilder immer gleich groß sein werden.','','','','','','','2','Text- und Bildspalten kombinieren','h3','','','','','','','','mtb','','standing.jpg','','','','','','','','','','','','','','','','','','','','','','','','','','','','','','','','','','','','','','','',4,3,'2015-12-20 12:08:45','2016-03-19 12:51:01','admin','admin',0,0,0),
  (16,1,1,11,'Fließtext in einer Spalte mit einem Drittel Breite. In diesem Modul fließen zwei Spalten ab dem Breakpoint von 991px untereinander, drei Spalten ab dem Breakpoint von 767px.','Fließtext in einer Spalte mit einem Drittel Breite. In diesem Modul fließen zwei Spalten ab dem Breakpoint von 991px untereinander, drei Spalten ab dem Breakpoint von 767px.','Fließtext in einer Spalte mit einem Drittel Breite. In diesem Modul fließen zwei Spalten ab dem Breakpoint von 991px untereinander, drei Spalten ab dem Breakpoint von 767px.','','','','','','3','Beispiel für drei Spalten mit Bild und Text','h3','','','','','','','','','','bigforest.jpg','eagle.jpg','northern_lights.jpg','','','','','','','','','','','','','','','','','','','','','','','','','','','','','','','','','','','','','',4,3,'2015-12-20 17:13:42','2015-12-20 17:13:42','admin','admin',0,0,0),
  (17,1,1,13,'Mit dieser Modulkombination kann man sowohl Tabs als auch Akkordeons realisieren.\r\n\r\nDa in Redaxo 20 REX_VALUE-Felder zur Verfügung stehen, könnte man je nach Ausgabe-Optionen ein Modul mit max. 18-20 Akkordeons/Tabs realisieren.  Diese Demo zeigt jedoch einen anderen Weg, der manchmal auch bei anderen Problemstellungen hilfreich sein kann:\r\nEs gibt getrennte Module für die Eingabe und Ausgabe. Jeder/s Tab/Akkordeon ist ein Eingabemodul. Die Daten werden an dieser Stelle jedoch nicht ausgegeben, sondern \"gesammelt\". Erst das Ausgabemodul verarbeitet die Daten, bringt sie in die gewünschte Reihenfolge und erledigt die Ausgabe.','Titel 1','','','','','','','','','','','','','','','','','','','','','','','','','','','','','','','','','','','','','','','','','','','','','','','','','','','','','','','','','','',4,7,'2015-12-20 17:14:52','2016-01-06 10:57:33','admin','admin',0,0,0),
  (18,1,1,14,'In früheren REDAXO-Versionen gab es die globale Variable $REX, in die man Inhalte speichern und sie an anderer Stelle wieder auslesen konnte. Die existiert in REDAXO 5 nicht mehr. Hier kann man jedoch **rex::setProperty(‘key’, $value)** und **rex::getProperty(‘key’)** nutzen.','Titel 2','','','','','','','','','','','','','','','','','','','','','','','','','','','','','','','','','','','','','','','','','','','','','','','','','','','','','','','','','','',4,7,'2015-12-20 17:17:43','2016-01-15 12:26:51','admin','admin',0,0,0),
  (19,1,1,15,'Wie gesagt, das Modul kann mit einer limitierten Anzahl von Akkordeons/Tabs auch leichter verständlich angelegt werden, aber si gibt es kein Limit, und dieses Modul kann als Beispiel dienen für anderen Anwendungen, wo man Eingaben erst vor der Ausgabe sammeln und verarbeiten muss.','Titel 3','','','','','','','','','','','','','','','','','','','','','','','','','','','','','','','','','','','','','','','','','','','','','','','','','','','','','','','','','','',4,7,'2015-12-20 17:18:03','2016-01-06 12:49:00','admin','admin',0,0,0),
  (20,1,1,16,'bt','Tabs','one-open','','','','','','','','','','','','','','','','','','','','','','','','','','','','','','','','','','','','','','','','','','','','','','','','','','','','','','','','','',4,8,'2015-12-20 17:18:26','2015-12-21 13:24:39','admin','admin',0,0,0),
  (21,1,1,12,'full','Galerie','h2','','','','','','','','','','','','','','','','mtb','','','','','','','','','','','','mountain_mood.jpg,evening_mood.jpg,eagle.jpg,more_forest.jpg,standing.jpg,bigforest.jpg,northern_lights.jpg,mountain_sea.jpg','','','','','','','','','','','','','','','','','','','','','','','','','','','','','',4,6,'2015-12-20 17:43:35','2015-12-31 12:58:44','admin','admin',0,0,0),
  (22,1,1,1,'REDAXO CMS','Das CMS \"REDAXO\":https://redaxo.org ist dafür konzipiert, dass man es flexibel anpassen und den ausgegebenen Code vollständig kontrollieren kann. So eignet es sich als \"CMS-Framework\" vor allem für \"Agenturen\":https://redaxo.org/support/agenturen/, die sehr unterschiedliche Websites bauen wollen.','','','','','','','','','','','','','','','','','','','','','','','','','','','','','','','','','','','','','','','','','','','','','','','','','','','','','','','','','','',6,13,'2015-12-21 08:29:49','2017-08-17 17:21:23','admin','admin',0,0,0),
  (23,1,1,2,'Social Links','https://www.facebook.com/REDAXO/','https://twitter.com/redaxo','https://github.com/FriendsOfREDAXO','','','','','','','','','','','','','','','','','','','','','','','','','','','','','','','','','','','','','','','','','','','','','','','','','','','','','','','','',6,14,'2015-12-21 08:29:55','2017-08-17 17:19:02','admin','admin',0,0,0),
  (24,1,1,3,'Links','','','','','','','','','','','','','','','','','','','','','','','','','','','','','','','','','','','','','','','','','','','','','','','','','','2,3,4,5,7','','','','','','','','','',6,15,'2015-12-21 08:30:01','2015-12-21 20:44:18','admin','admin',0,0,0),
  (26,1,1,1,'fa-sitemap','Struktur','REDAXO-Artikel sind die einzelnen Seiten eines Webauftritts; die Kategorien ergeben die Navigationsstruktur.','Infos zur Demo und zur Artikel-Struktur','fa-list','Module','Durch Module gelangen Inhalte auf die Artikelseiten. Module enthalten z.B. Texte, Bilder, Bilder, Videos, Bildergalerien, etc.','Mehr zu den Modulen der Demo','fa-cubes','AddOns','AddOns wie ein Texteditor, ein Formulargenerator oder Datenverwaltungen erweitern den Funktionsumfang von REDAXO zum Teil erheblich.','Einige der verwendeten AddOns','','','size2','','','','','','','','','','','','','','','','','','','','','','','','','','2','4','5','','','','','','','','','','','','','','','','','',1,4,'2015-12-21 21:53:41','2016-10-18 17:38:42','admin','admin',0,0,0),
  (27,1,1,2,'','h2','In den *Templates* findet sich der HTML-Code. Templates können verschachtelt angelegt werden. Dadurch kann man Komponenten wie Header, Footer oder Navigation in eigene Templates auslagern, die im *Haupt-Template* eingebunden werden.\r\n\r\nMeist benötigt man für eine Website mehrere Template-Varianten, wie z.B. ein einspaltiges oder zweispaltiges Template. Um HMTL-Code nur zentral an einer Stelle zu pflegen, empfiehlt es sich, dass aktiv anwählbare Template-Varianten (Die Checkbox \"_Aktiv[Erscheint bei den Artikeln als Auswahl]_\" hat ein Häkchen) kein HTML enthalten, sondern lediglich andere Templates aufrufen. In dieser Demo wurde es so realisiert:','','','','','','','','','','','','','','','','mb','','','','','','','','','','','','','','','','','','','','','','','','','','','','','','','','','','','','','','','','','',3,2,'2015-12-28 13:24:01','2015-12-28 13:34:00','admin','admin',0,0,0),
  (28,1,1,3,'<?php\r\n// Zweispalter-Template\r\n// Es wird die Konstante SITE_TYPE gesetzt.\r\ndefine(\'SITE_TYPE\', \'col2\');\r\n?>\r\n<!-- Hier wird das Template aufgerufen, das den HTML-Code enthält-->\r\nREX_TEMPLATE[3]\r\n','','','','','','','','','','','','','','','','','','','','','','','','','','','','','','','','','','','','','','','','','','','','','','','','','','','','','','','','','','','',3,10,'2015-12-28 13:24:44','2015-12-28 13:24:44','admin','admin',0,0,0),
  (29,1,1,4,'','h2','Das Haupt-Template mit der ID 3, das den Hauptteil des HTML-Codes enthält, führt dann die Fallunterscheidung durch. Segmente wie Header oder Footer sind aber wieder in eigenen Templates abgelegt. Das erleichtert die Arbeit am Code, da man sich ganz auf diesen Abschnitt konzentrieren kann. Man kann aber natürlich ebenso den gesamte Template-Code in ein einziges Template schreiben.','','','','','','','','','','','','','','','','mtb','','','','','','','','','','','','','','','','','','','','','','','','','','','','','','','','','','','','','','','','','',3,2,'2015-12-28 13:25:16','2016-01-05 22:38:12','admin','admin',0,0,0),
  (30,1,1,5,'<?php\r\n// Falls die globale Variable auf \"col1\" gesetzt ist, wird der Inhalt über die volle Breite angezeigt.\r\nif (SITE_TYPE == \'col1\') {\r\n	echo \'\r\n	<div class=\"container mtb\">\r\n		<div class=\"row\">\r\n			\'.$this->getArticle(\'1\').\'\r\n		</div>\r\n	</div>\';\r\n\r\n// Falls die globale Variable auf \"col2\" gesetzt ist, wird eine Hauptspalte mit 2/3 Breite und eine Seitenspalte mit 1/3 Breite ausgegeben.\r\n} elseif (SITE_TYPE == \'col2\') {\r\n	echo \'\r\n	<div class=\"container mtb\">\r\n		<div class=\"row\">\r\n			<div class=\"col-lg-8\">\r\n				\'.$this->getArticle(\'1\').\'\r\n			</div>\r\n			<div class=\"col-lg-4\">\r\n				\'.$this->getArticle(\'2\').\'\r\n			</div>\r\n		</div>\r\n	</div>\';\r\n}\r\n?>','','','','','','','','','','','','','','','','','','','','','','','','','','','','','','','','','','','','','','','','','','','','','','','','','','','','','','','','','','','',3,10,'2015-12-28 13:25:54','2015-12-28 13:25:54','admin','admin',0,0,0),
  (31,1,1,1,'Aufbau der Templates und Mehrspaltigkeit','','','','','','','','','','','','','','','','','','','','','','','','','','','','','','','','','','','','','','','','','','','','','','','','','','','','','','','','','','','',3,1,'2015-12-28 13:26:30','2015-12-28 13:28:34','admin','admin',0,0,0),
  (32,1,1,4,'h3. Kategorien und Artikel\r\n\r\nIn Redaxo gibt es Kategorien und Artikel. Einen Artikel kann man sich als ein Blatt Papier vorstellen, der Inhalte wie Texte, Bilder, Videos etc. enthält.\r\n\r\nKategorien dienen zum Anlegen einer Navigationstruktur. Kategorien enthalten immer mindestens einen Artikel, den Startartikel. Eine Kategorie ist also wie ein Ordner, der ein Blatt Papier enthält. Kurz: Artikel sind für Inhalte, Kategorien sind für die hierarchische Struktur.','h3. Navigationen\r\n\r\nIm Normalfall wird man also eine Navigation aus den Kategorien einer Website generieren. In REDAXO gibt es mehrere Möglichkeiten, dies umzusetzen. Für einfache Varianten existiert eine Klasse \"rex_navigation\". Damit kann die meisten Navigationsvarianten auch mit minimalen PHP-Kenntnissen umsetzen.\r\n\r\nEine einfache Navigation könnte so aussehen:','','','','','','','2','','h2','','','','','','','','mt','','','','','','','','','','','','','','','','','','','','','','','','','','','','','','','','','','','','','','','','','',2,3,'2015-12-28 13:54:47','2016-01-05 22:34:10','admin','admin',0,0,0),
  (37,1,1,3,'h2. Redactor Editor\r\n\r\nZunächst zeichnet sich Redactor besonders durch seine elegante, aufgeräumte Oberfläche aus. Aber auch der moderne Code-Aufbau und die flexiblen Konfigurationsmöglichkeiten zeigen, dass Redactor ein zeitgemäßer und praxistauglicher Editor ist.\r\n\r\nDieser WYSIWYG-Editor ist eigentlich kostenpflichtig, aber REDAXO hat eine Lizenz gekauft, die die kostenfreie Nutzung des Editors innerhalb von REDAXO gestattet.\r\n\r\nDie Iconleisten können in beiden Editoren selbst konfiguriert werden. Der Admin kann den Funktionsumfang daher für den Redakteur auf das gewünschte Maß reduzieren. Man kann mehrere Profile definieren, so dass der Editor je nach Modul auch mit unterschiedlich besetzten Iconleisten ausgestattet werden kann.','h2. Markitup Editor\r\n\r\n\"Testlink(Struktur)\":redaxo://2\r\n\r\nTextile, bzw. Markdown generiert durch die Eingabe von Shortcuts beim Rendern der Seiten gültiges HTML. So erzeugt\r\n\r\n@h1. Headline@ (bei Textile)\r\n@# Headline@ (bei Markdown)\r\n\r\nin der Ausgabe\r\n\r\n@<h1>Headline</h1>@\r\n\r\nIn der Praxis hat man diese Kürzel schnell erlernt. Textile/Markdown hat außerdem den Vorteil, robuster als WYSIWYG-Editoren gegen unerwünschte Redakteurs-Eingaben zu sein. So werden z.B. auch mehrere Leerzeilen nur als _ein_ Absatz interpretiert.\r\n\r\nDie Textile/Markdown-Syntax ist erstaunlich umfangreich und offen für Erweiterungen. Auch die REDAXO-Website selbst nutzt diese Variante.','','','','','','','2','','h1','','','','','','','','mt','','','','','','','','','','','','','','','','','','','','','','','','','','','','','','','','','','','','','','','','','',8,3,'2015-12-30 16:46:30','2016-06-09 15:51:06','admin','admin',0,0,0),
  (38,1,1,1,'Texteditor – WYSIWYG oder Textile?','h2','<p>Prinzipiell muss man zunächst unterscheiden zwischen WYSIWYG-Editoren (What you see is what you get) und Editoren, die rein textbasiert und mit einer Ersetzungssprache wie Textile oder Markdown arbeiten. Erstere versuchen die Formatierung mehr oder weniger originalgetreu im Eingabefenster darzustellen und speichern Original-HTML in die Datenbank. Die zweite Kategorie erwartet im Eingabefenster Kürzel, die erst bei der Ausgabe in HTML “übersetzt” werden. In die Datenbank werden diese Kürzel gespeichert, keine HTML-Tags.</p>\r\n\r\n<p>Zunächst erscheinen die WYSIWYG-Editoren die bessere Wahl, weil sie ähnlich wie Word und Layout-Programme funktionieren: Man formatiert den Text mit Hilfe von Icons und erhält sofort die gewünschte Formatierung.\r\n</p>\r\n\r\n\r\n\r\n<p>Demgegenüber sind die textbasierten Editoren robuster gegen Fehleingaben der Redakteure. Auch lässt sich damit eher ein konsistentes Layout garantieren, weil vom Layouter ungewünschte “Mogeleien” wie mehrfache Leerzeilen ignoriert werden. Auch wenn es zunächst unkomfortabler aussieht: Die meisten Entwickler aus dem REDAXO-Team nutzen bei ihren Kundenprojekten eher textbasierte Editoren.\r\n</p>\r\n\r\n\r\n\r\n<p>In der Demo gibt es Module für beide Editoren, für den WYSIWYG-Editor \"Redactor\" und für den Textile/Markdown-Editor \"Markitup\".\r\n</p>','','','','','','','','','','','','','','','','mb','','','','','','','','','','','','','','','','','','','','','','','','','','','','','','','','','','','','','','','','','',8,16,'2015-12-30 16:48:49','2016-10-18 16:40:23','admin','decaf',0,0,0),
  (39,1,1,2,'','h2','Einer der großen Vorteile von Redaxo sind die flexibel und leicht erstellbaren Module, wo man verschiedenste Felder selbst definieren kann und so größtmögliche Kontrolle über die hat.\r\nDiese Module kann man in beliebiger Reihenfolge und Anzahl untereinander setzen.\r\n\r\nh3. Eingabe und Ausgabe\r\n\r\nDer Admin kann für jedes Modul den Eingabe- und Ausgabe-Code definieren. Der Eingabe-Code ist wird im REDAXO-Administrationsbereich beim Bearbeiten angezeigt. Im Normalfall platziert man im **Eingabe-Code** Felder, die die eingegebenen Daten speichern können. Das könnte z.B. so aussehen:\r\n\r\n@<input type=\"text\" name=\"REX_INPUT_VALUE[1]\" value=\"REX_VALUE[1]\" />@\r\n\r\nDer **Ausgabe-Code** wäre dann in seiner einfachsten Form:\r\n\r\n@REX_VALUE[1]@','','','','','','','','','','','','','','vd','true','mb','','','','','','','','','','','','','','','','','','','','','','','','','','','','','','','','','','','','','','','','','',4,2,'2015-12-30 16:57:30','2016-05-31 18:23:08','admin','admin',0,0,0),
  (40,1,1,1,'Das Prinzip der Module','','','','','','','','','','','','','','','','','','','','','','','','','','','','','','','','','','','','','','','','','','','','','','','','','','','','','','','','','','','',4,1,'2015-12-30 18:54:50','2015-12-30 18:54:50','admin','admin',0,0,0),
  (41,1,1,2,'Ähnliches Aussehen, unterschiedliches Prinzip','Es bleibt Geschmackssache','','','','','','','','','','','','','','','','','','','fire.jpg','','','','','','','','','','','','','','','','','','','','','','','','','','','','','','','','','','','','','','','',8,5,'2015-12-30 23:32:48','2016-01-13 13:18:51','admin','admin',0,0,0),
  (42,1,1,2,'','','','','','','','','','','','','','','','','','','','','','','','','','','','','','','','','','','','','','','','','','','','','','','','','','','','','','','','','','','','',5,18,'2015-12-31 00:13:21','2015-12-31 00:13:21','admin','admin',0,0,0),
  (43,1,1,6,'','Downloads','h2','','','','','','','','','','','','','true','vd','','mtb','','','','','','','','','','','','word-testdatei.doc,pdf-testdatei.pdf','','','','','','','','','','','','','','','','','','','','','','','','','','','','','',4,9,'2015-12-31 13:06:36','2016-03-19 12:52:48','admin','admin',0,0,0),
  (44,1,2,1,'Credits','h3','*Demo*:\r\nPeter Bickel (\"Polarpixel\":http://polarpixel.de)\r\n\r\nDie Demo darf frei für eigene Projekte verwendet werden.\r\n\r\n*Bugs zur Demo*\r\n\"bitte direkt in Github melden\":https://github.com/FriendsOfREDAXO/demo_base\r\n\r\n*Demo-AddOn:*\r\nThomas Blum, Peter Bickel\r\n\r\n*Vielen Dank an:*\r\nDirk Schürjohann, Jan Kristinus, Thomas Blum, Gregor Harlan, Markus Staab, Oliver Kreischer, Thomas Kaegi, Sascha Weidner\r\n\r\n*Fotos:*\r\n\"Unsplash\":http://unsplash.com/','','','','','','','','','','','','','','','','','','','','','','','','','','','','','','','','','','','','','','','','','','','','','','','','','','','','','','','','','',7,11,'2015-12-31 14:24:25','2016-06-02 19:41:12','admin','admin',0,0,0),
  (45,1,1,1,'Kontaktformular','h2','','','','','','','','','','','','','','','','','mb','','','','','','','','','','','','','','','','','','','','','','','','','','','','','','','','','','','','','','','','','',7,2,'2015-12-31 14:27:53','2015-12-31 14:28:05','admin','admin',0,0,0),
  (46,1,1,3,'','h2','*Achtung:*\r\nDas Formular wird nicht verschickt. Dazu muss das Formular erst mit einer Aktion versehen werden – entweder indem man direkt im YForm-Modul eine Aktion definiert für \"bei Submit\" oder indem man ein E-Mail-Template in YForm erstellt und im Formular dann eine Aktion hinzufügt, die dieses E-Mail-Template aufruft:\r\n@action|email|emailtemplate|emaillabel|[email-adresse]@\r\n\r\nDieses extrem simple Formular soll daher nur andeuten, wie schnell und flexibel man Formulare mittels YForm aufbauen kann.','','','','','','','','','','','','','','','','mt','','','','','','','','','','','','','','','','','','','','','','','','','','','','','','','','','','','','','','','','','',7,2,'2016-01-12 14:34:09','2016-06-01 11:57:31','admin','admin',0,0,0),
  (47,1,1,7,'','h2','*Hinweis zu den Downloads:*\r\nUm einen echten Download auszulösen und nicht nur einen Link zur betreffenden Datei zu setzen, wurde in der Demo ein Downloadartikel angelegt mit einem speziellen Template, der den Download auslöst.\r\nDas Downloadmodul hängt automatisch die Dateigröße an und zeigt das passende Icon an (kann für weitere Icons leicht selbst erweitert werden.)','','','','','','','','','','','','','','vd','','mtb','','','','','','','','','','','','','','','','','','','','','','','','','','','','','','','','','','','','','','','','','',4,2,'2016-01-12 14:42:43','2016-03-19 12:56:12','admin','admin',0,0,0),
  (49,1,1,1,'AddOns','h2','Diese Demo kommt mit relativ wenig AddOns aus. Aber wir haben letztlich doch ein paar AddOns verwendet, die bei den meisten Websites standardmäßig zum Einsatz kommen, um deren typische Anwendung zu zeigen.\r\n\r\nDerzeit nutzt die Demo zwei verschiedene Editoren, um deren unterschiedliches Prinzip zu zeigen. Und es wird YForm verwendet, um ein einfaches Formular zu zeigen. Developer und YRewrite müssen zwar nicht für die Demo installiert sein, aber diese AddOns sind so praktisch, dass wir sie hier etwas näher vorstellen wollen.','','','','','','','','','','','','','','','','mb','','','','','','','','','','','','','','','','','','','','','','','','','','','','','','','','','','','','','','','','','',5,2,'2016-01-13 13:04:36','2016-06-03 00:38:57','admin','admin',0,0,0),
  (50,1,1,1,'Developer','h2','Module und Templates werden in REDAXO in Textarea-Felder geschrieben (oder kopiert) und so in die Datenbank geschrieben. Das Developer-AddOn ermöglicht eine dateibasierte Bearbeitung der Module und Templates, so dass der Lieblings-Code-Editor verwendet werden kann. Diese dateibasierten Änderungen schreibt das AddOn dann in die REDAXO-Datenbank zurück, so dass selbst eine wechselnde Bearbeitung zwichen Editor und Textfeldern möglich ist.','','','','','','','','','','','','','','','','mb','','','','','','','','','','','','','','','','','','','','','','','','','','','','','','','','','','','','','','','','','',10,2,'2016-01-13 13:33:39','2016-01-13 13:47:48','admin','admin',0,0,0),
  (51,1,1,3,'','h2','Weitere Vorteile wie gutes Syntax-Highlighting oder Versionierung bei Verwendung eines richtigen Editors liegen auf der Hand. Dank des Developer-AddOns muss man den Code zum Bearbeiten nicht mehr aus und in das Eingabefeld sowie den Editor kopieren.','','','','','','','','','','','','','','','','mt','','','','','','','','','','','','','','','','','','','','','','','','','','','','','','','','','','','','','','','','','',10,2,'2016-01-13 13:34:15','2016-01-13 13:52:06','admin','admin',0,0,0),
  (52,1,1,2,'Vielen Dank für dieses geniale Addon!','Ein Anwender im Forum','','','','','','','','','','','','','','','','','','','road_mountains.jpg','','','','','','','','','','','','','','','','','','','','','','','','','','','','','','','','','','','','','','','',10,5,'2016-01-13 13:35:41','2016-01-13 13:47:25','admin','admin',0,0,0),
  (53,1,1,1,'YRewrite','h2','YRewrite hat sich besonders der Unterstützung von Multidomain-Websites gewidmet (wenn also mehrere Domains innerhalb einer Redaxo-Installation verwaltet werden), ist aber natürlich auch bei einfachen Websites einsetzbar.\r\n\r\nDie Optionen beschränken sich auf die wesentlichen Parameter und sind rasch justiert. Für jede Domain muss der Startpunkt (Mount point) und Startartikel angegeben werden sowie – bei Mehrsprachigkeit – die Startsprache. So wäre es zum Beispiel leicht möglich, mit YRewrite eine .de und .com-Domain für deutsch und englisch zu verwalten. SEO-technisch kann man das Title-Tag-Schema beeinflussen und eine Default-Description hinterlegen.','','','','','','','','','','','','','','','','mb','','','','','','','','','','','','','','','','','','','','','','','','','','','','','','','','','','','','','','','','','',11,2,'2016-01-13 13:36:19','2016-06-01 14:18:27','admin','admin',0,0,0),
  (54,1,1,2,'Multidomains und Redirects','Schwerpunkte des YRewrite-AddOns','','','','','','','','','','','','','','','','','','','forest.jpg','','','','','','','','','','','','','','','','','','','','','','','','','','','','','','','','','','','','','','','',11,5,'2016-01-13 13:36:44','2016-06-01 14:18:34','admin','admin',0,0,0),
  (55,1,1,3,'','h2','Es gibt weiterhin die Möglichkeit, Alias-Domains zu verwalten, also 301-Redirects für weitere Domains anzulegen sowie Redirects für einzelne Artikel. Die benötigte htacces-Datei generiert YRewrite auf Mausklick.\r\n\r\nWenn man sich um die ganze SEO- und URL-Problematik nicht allzu viele Gedanken machen will und vor allem wenn man Multidomains zu verwalten hat, empfiehlt sich YRewrite als perfekte Lösung.','','','','','','','','','','','','','','','','mt','','','','','','','','','','','','','','','','','','','','','','','','','','','','','','','','','','','','','','','','','',11,2,'2016-01-13 13:37:02','2016-01-13 13:38:13','admin','admin',0,0,0),
  (56,1,1,1,'404','','','','','','','','','','','','','','','','','','','','','','','','','','','','','','','','','','','','','','','','','','','','','','','','','','','','','','','','','','','',13,1,'2016-01-13 14:35:27','2016-01-13 14:35:27','admin','admin',0,0,0),
  (58,1,1,2,'','h2','<p style=\"text-align: center;\">Die von Dir aufgerufene Seite existiert nicht.<br>Hast Du Dich vielleicht vertippt?</p>','','','','','','','','','','','','','','vd','true','mb','','','','','','','','','','','','','','','','','','','','','','','','','','','','','','','','','','','','','','','','','',13,16,'2016-01-13 14:36:29','2016-01-13 15:23:01','admin','admin',0,0,0),
  (59,1,1,3,'Hinweis','h2','<p>Im Header des Templates gibt es eine Abfrage, die prüft, ob der Artikel offline ist. Wenn dies der Fall ist und der User nicht in Redaxo eingeloggt ist, wird auf diese Fehlerseite weitergeleitet.</p><p>Ist der User eingeloggt, kann er die Seite jedoch betrachten, denn er muss neue Seiten, die noch offline sind, ja editieren können.</p>','','','','','','','','','','','','','','vd','','mt','','','','','','','','','','','','','','','','','','','','','','','','','','','','','','','','','','','','','','','','','',13,16,'2016-01-13 14:40:43','2016-01-13 15:22:57','admin','admin',0,0,0),
  (60,1,1,1,'Weitere empfehlenswerte AddOns','h2','Natürlich wird jeder seine individuelle Liste an Standard-AddOns haben, aber hier listen wir nachfolgend einige AddOns auf, die bei uns gern zum Einsatz kommen. Alle AddOns lassen sich über den Installer downloaden und installieren:\r\n\r\n* *Watson*\r\nSuchagent für REDAXO\r\n* *Mform*\r\nLeichtes Erstellen von Feldern für den Modul-Eingabe-Code\r\n* *Aufgaben*\r\nEinfache ToDo-Verwaltung für das Backend','','','','','','','','','','','','','','','','','','','','','','','','','','','','','','','','','','','','','','','','','','','','','','','','','','','','','','','','','',14,2,'2016-01-13 23:48:13','2016-06-01 13:27:50','admin','admin',0,0,0),
  (61,1,1,1,'YForm (ehemals XForm)','h2','YForm liefert zahlreiche Funktionen und Optionen zum schnellen Erstellen von Formularen und zahlreiche Validierungsmöglichkeiten. Die eingegebenen Daten können per Mail verschickt und/oder in Datenbanken gespeichert werden.\r\n\r\nDer integriert Table-Manager erlaubt es aber auch, sich eigene Datenverwaltungen “zusammenzuklicken” und natürlich auch zu verknüpfen. Der Table-Manager kann auch den Code für die korrespondieren Formulare generieren.','','','','','','','','','','','','','','','','mb','','','','','','','','','','','','','','','','','','','','','','','','','','','','','','','','','','','','','','','','','',9,2,'2016-01-14 10:52:05','2016-06-01 14:19:02','admin','admin',0,0,0),
  (62,1,1,2,'Tip: YForm-Code kann auch in eigenen PHP-Code eingebettet werden\r\n','YForm erleichtert die Arbeit mit Formularen erheblich','','','','','','','','','','','','','','','','','','','bigforest.jpg','','','','','','','','','','','','','','','','','','','','','','','','','','','','','','','','','','','','','','','',9,5,'2016-01-14 10:54:30','2016-06-01 14:19:16','admin','admin',0,0,0),
  (63,2,1,1,'sitemap','Structure','REDAXO articles represent the sub pages of a website, while the navigation is built from the categories.','About this demo and its structure','list','Modules','Modules distribute content to the articles. They usually consist of texts, images, videos, galleries et al.','Read more on the modules','cubes','Addons','Addons like text editors, form generators or data managers greatly extend REDAXO’s base features.','Some addons used for this demo','','','','','','','','','','','','','','','','','','','','','','','','','','','','','2','4','5','','','','','','','','','','','','','','','','','',1,4,'2016-05-30 10:50:53','2016-06-02 17:11:19','admin','admin',0,0,0),
  (64,2,1,1,'REDAXO CMS','\"REDAXO\":https://redaxo.org CMS is designed to be highly customizable and to control the output in all details. It’s more like a CMS framework, and it perfectly fits with the requirements of \"web companies\":https://redaxo.org/support/agenturen/ developing various websites.','','','','','','','','','','','','','','','','','','','','','','','','','','','','','','','','','','','','','','','','','','','','','','','','','','','','','','','','','','',6,13,'2016-05-30 11:51:40','2017-08-17 22:18:21','admin','admin',0,0,0),
  (65,2,1,2,'Social links','https://www.facebook.com/REDAXO/','https://twitter.com/redaxo','https://github.com/FriendsOfREDAXO','','','','','','','','','','','','','','','','','','','','','','','','','','','','','','','','','','','','','','','','','','','','','','','','','','','','','','','','',6,14,'2016-05-30 11:51:40','2017-08-17 22:18:42','admin','admin',0,0,0),
  (66,2,1,3,'Links','','','','','','','','','','','','','','','','','','','','','','','','','','','','','','','','','','','','','','','','','','','','','','','','','','2,3,4,15,5,7','','','','','','','','','',6,15,'2016-05-30 11:51:40','2016-05-30 11:52:30','admin','admin',0,0,0),
  (67,2,1,1,'404','','','','','','','','','','','','','','','','','','','','','','','','','','','','','','','','','','','','','','','','','','','','','','','','','','','','','','','','','','','',13,1,'2016-05-30 12:16:27','2016-05-30 12:16:27','admin','admin',0,0,0),
  (68,2,1,2,'','h2','<p style=\"text-align: center;\">The page you requested does not exist.<br>Maybe you misspelled it?</p>','','','','','','','','','','','','','','vd','true','mb','','','','','','','','','','','','','','','','','','','','','','','','','','','','','','','','','','','','','','','','','',13,16,'2016-05-30 12:16:27','2016-05-30 12:17:29','admin','admin',0,0,0),
  (69,2,1,3,'Hint','h2','<p>The template header contains a snippet checking the article’s online status. If an article is offline and the user is not logged in to REDAXO they will be redirected to this error page.</p><p>In case the user is logged in they can access offline pages as they want to see a preview when editing articles.</p>','','','','','','','','','','','','','','vd','','mt','','','','','','','','','','','','','','','','','','','','','','','','','','','','','','','','','','','','','','','','','',13,16,'2016-05-30 12:16:27','2016-05-30 12:31:06','admin','admin',0,0,0),
  (70,2,1,1,'Contact form','h2','','','','','','','','','','','','','','','','','mb','','','','','','','','','','','','','','','','','','','','','','','','','','','','','','','','','','','','','','','','','',7,2,'2016-05-30 15:48:28','2016-05-30 16:09:09','admin','admin',0,0,0),
  (71,2,2,1,'Credits','h3','*Demo*:\r\nPeter Bickel (\"Polarpixel\":http://polarpixel.de)\r\n\r\nFeel free to use this demo for your own projects.\r\n\r\n*For bugs concerning the demo*\r\n\"please consider creating a github issue\":https://github.com/FriendsOfREDAXO/demo_base\r\n\r\n*Demo addon:*\r\nThomas Blum, Peter Bickel\r\n\r\n*Thanks to:*\r\nDirk Schürjohann, Jan Kristinus, Thomas Blum, Gregor Harlan, Markus Staab, Oliver Kreischer, Thomas Kaegi, Sascha Weidner\r\n\r\n*Photos:*\r\n\"Unsplash\":http://unsplash.com/','','','','','','','','','','','','','','','','','','','','','','','','','','','','','','','','','','','','','','','','','','','','','','','','','','','','','','','','','',7,11,'2016-05-30 15:48:28','2016-06-02 19:40:47','admin','admin',0,0,0),
  (72,2,1,2,'','','text|vorname|{{ form_firstname }}|\r\nvalidate|empty|vorname|{{ form_error_firstname }}\r\n\r\ntext|nachname|{{ form_lastname }}|\r\nvalidate|empty|nachname|{{ form_error_lastname }}\r\n\r\ntextarea|nachricht|{{ form_message }}|\r\nvalidate|empty|nachricht|{{ form_error_message }}\r\n\r\nsubmit||{{ form_send }}|no_db|btn btn-theme','','###vorname###\r\n###nachname###\r\n###nachricht###','It works','0','','','','1','','','','','','','','','','','','','','','','','','','','','','','','','','','','','','','','','','','','','','','','','','','','','','','','','',7,17,'2016-05-30 15:48:28','2016-05-30 20:48:28','admin','admin',0,0,0),
  (73,2,1,3,'','h2','*Note:*\r\nThe form won’t be sent. In order to make it send you’ll need to add an action. This can either be done by configuring an »on submit« action inside of the YForm content module, or by setting up an email template for the YForm addon and add a request action: @action|email|emailtemplate|emaillabel|[email-adresse]@\r\n\r\nThis very plain form just wants to demonstrate how to fast and easily handle forms with the YForm addon.','','','','','','','','','','','','','','','','mt','','','','','','','','','','','','','','','','','','','','','','','','','','','','','','','','','','','','','','','','','',7,2,'2016-05-30 15:48:29','2016-05-30 16:49:34','admin','admin',0,0,0),
  (74,2,1,1,'Template structure and multiple languages','','','','','','','','','','','','','','','','','','','','','','','','','','','','','','','','','','','','','','','','','','','','','','','','','','','','','','','','','','','',3,1,'2016-05-30 17:10:16','2016-05-30 17:11:08','admin','admin',0,0,0),
  (75,2,1,2,'','h2','*Templates* contain the HTML code. They can be nested. This is useful to split up components like header, footer or navigation into separate templates and include them from the *main template* later on.\r\n\r\nWebsites usually require multiple templates like one column or two column layouts. We recommend you to avoid HTML code in user selectable templates (where “Active” is checked) but make them include other templates only. This is good practice to keep your HTML code in one place. Have a look at how the demo handles it:','','','','','','','','','','','','','','','','mb','','','','','','','','','','','','','','','','','','','','','','','','','','','','','','','','','','','','','','','','','',3,2,'2016-05-30 17:10:16','2016-05-31 13:08:29','admin','admin',0,0,0),
  (76,2,1,3,'<?php\r\n// Two columns template\r\n// Define constant SITE_TYPE\r\ndefine(\'SITE_TYPE\', \'col2\');\r\n?>\r\n<!-- Request the template containing the HTML code -->\r\nREX_TEMPLATE[3]\r\n','','','','','','','','','','','','','','','','','','','','','','','','','','','','','','','','','','','','','','','','','','','','','','','','','','','','','','','','','','','',3,10,'2016-05-30 17:10:16','2016-05-30 17:13:13','admin','admin',0,0,0),
  (77,2,1,4,'','h2','The main template with ID 3, containing most of the HTML code, checks for the page type. Segments like header and footer are included from separate templates. This probably helps you focus on particular sections when working with code. However, you can store all your code in a single template, if you like to.','','','','','','','','','','','','','','','','mtb','','','','','','','','','','','','','','','','','','','','','','','','','','','','','','','','','','','','','','','','','',3,2,'2016-05-30 17:10:16','2016-06-02 17:17:30','admin','admin',0,0,0),
  (78,2,1,5,'<?php\r\n// Content will show up in full column layout if global variable is \"col1\".\r\nif (SITE_TYPE == \'col1\') {\r\n	echo \'\r\n	<div class=\"container mtb\">\r\n		<div class=\"row\">\r\n			\'.$this->getArticle(\'1\').\'\r\n		</div>\r\n	</div>\';\r\n\r\n// Use 2/3 width main column with 1/3 width side column if global variable is \"col2\".\r\n} elseif (SITE_TYPE == \'col2\') {\r\n	echo \'\r\n	<div class=\"container mtb\">\r\n		<div class=\"row\">\r\n			<div class=\"col-lg-8\">\r\n				\'.$this->getArticle(\'1\').\'\r\n			</div>\r\n			<div class=\"col-lg-4\">\r\n				\'.$this->getArticle(\'2\').\'\r\n			</div>\r\n		</div>\r\n	</div>\';\r\n}\r\n?>','','','','','','','','','','','','','','','','','','','','','','','','','','','','','','','','','','','','','','','','','','','','','','','','','','','','','','','','','','','',3,10,'2016-05-30 17:10:16','2016-05-30 17:15:30','admin','admin',0,0,0),
  (79,2,1,1,'AddOns','h2','This demo site requires just a few addons. However, we decided to add some more addons to demonstrate common features you may find on various websites.\r\n\r\nThe demo currently makes use of two text editors to illustrate their different approaches. And also YForm is installed to show how to handle a simple form. Concerning Developer and YRewrite, we find them essential and wanted to feature them in the demo, even if they wouldn’t have been required.','','','','','','','','','','','','','','','','mb','','','','','','','','','','','','','','','','','','','','','','','','','','','','','','','','','','','','','','','','','',5,2,'2016-05-30 19:26:21','2016-05-31 12:27:58','admin','admin',0,0,0),
  (80,2,1,2,'','','','','','','','','','','','','','','','','','','','','','','','','','','','','','','','','','','','','','','','','','','','','','','','','','','','','','','','','','','','',5,18,'2016-05-30 19:26:21','2016-05-30 19:26:21','admin','admin',0,0,0),
  (81,2,1,1,'Text editor—use WYSIWYG or Textile?','h2','<p>First of all we need to distinguish between WYSIWYG editors (what you see is what you get) and text-only editors using markup languages like Textile or Markdown. While the former try to display all text formatting right in the edit mode and save the generated HTML to the database on submit, the latter require the user to mark up content with shorthand code, which will be saved to the database and not translated to HTML until output.</p>\r\n\r\n<p>WYSIWYG editors seem to be a pretty good choice in the first instance. They can be used like word processors and graphics editors: you format text by means of icon buttons and immediately see the results.<br></p>\r\n\r\n\r\n\r\n<p>In comparison, the text-only editors are more robust concerning user input. Since they filter out some unrequested “cheating” like multiple spaces or line breaks, they help to achieve consistent layouts. Even they seem less convenient at first: most of the developers from the REDAXO team rather use text-only editors when developing websites.</p>\r\n\r\n\r\n\r\n<p>The demo site contains modules using both types of editors: “Redactor” for WYSIWYG and “Markitup” for textile/markdown.</p>','','','','','','','','','','','','','','','','mb','','','','','','','','','','','','','','','','','','','','','','','','','','','','','','','','','','','','','','','','','',8,16,'2016-05-31 12:28:34','2016-10-18 16:49:16','admin','decaf',0,0,0),
  (82,2,1,2,'Similar looks, but different concepts.','It’s a matter of taste','','','','','','','','','','','','','','','','','','','fire.jpg','','','','','','','','','','','','','','','','','','','','','','','','','','','','','','','','','','','','','','','',8,5,'2016-05-31 12:28:34','2016-06-01 16:14:43','admin','admin',0,0,0),
  (83,2,1,3,'h2. Redactor Editor\r\n\r\nFirst of all, Redactor comes up with a very clean and nifty user interface. Besides, its pleasant code structure and its flexible configuration options prove Redactor to be a modern and capable editor solution.\r\n\r\nActually, using this WYSIWYG editor wouldn’t be free of charge, but REDAXO has ordered a license to use the editor within the REDAXO system.\r\n\r\nThe icon bars of both Redactor and Markitup can be configured individually. Admins are able to reduce the feature set to a custom level. In addition, you can set up multiple profiles containing different icon bars, and you can define which one should be used for a any module.','h2. Markitup editor\r\n\r\n\"Service\":redaxo://3\r\n\r\nTextile/markdown transforms shortcut codes to valid HTML when rendering the page. For instance, this\r\n\r\n@h1. Headline@\r\n\r\n(Textile)\r\n\r\n@# Headline@\r\n\r\n(Markdown)\r\n\r\nwill produce the following output:\r\n\r\n@<h1>Headline</h1>@\r\n\r\nIn practice, textile shortcut codes are easy to learn. Moreover, compared to WYSIWYG editors, textile/markdown is more robust when dealing with improper user input. For instance, multiple new lines will be translated to only _one_ paragraph.\r\n\r\nThe textile/markdown syntax is very comprehensive and supports extensions. The REDAXO website is written with textile/markdown as well.','','','','','','','2','','h1','','','','','','','','mt','','','','','','','','','','','','','','','','','','','','','','','','','','','','','','','','','','','','','','','','','',8,3,'2016-05-31 12:28:34','2016-06-09 10:46:22','admin','admin',0,0,0),
  (85,2,1,1,'Developer','h2','In REDAXO, you write (or copy & paste) modules and templates into textareas in order to save them to the database. The Developer addon enables you to edit modules and templates right in your favorite code editor. All your updates get synced between files and database, letting you switch over from editing textareas to editing files at any time.','','','','','','','','','','','','','','','','mb','','','','','','','','','','','','','','','','','','','','','','','','','','','','','','','','','','','','','','','','','',10,2,'2016-05-31 12:34:10','2016-06-01 15:16:19','admin','admin',0,0,0),
  (86,2,1,2,'Thank you very much for this brilliant addon!','User statement from the forums','','','','','','','','','','','','','','','','','','','road_mountains.jpg','','','','','','','','','','','','','','','','','','','','','','','','','','','','','','','','','','','','','','','',10,5,'2016-05-31 12:34:10','2016-06-01 15:08:46','admin','admin',0,0,0),
  (87,2,1,3,'','h2','Your code editor’s benefits like syntax highlighting or versioning are obvious. Thanks to the Developer addon, you don’t need to copy and paste code between the editor and input fields any more!','','','','','','','','','','','','','','','','mt','','','','','','','','','','','','','','','','','','','','','','','','','','','','','','','','','','','','','','','','','',10,2,'2016-05-31 12:34:10','2016-06-02 17:32:44','admin','admin',0,0,0),
  (89,2,1,1,'YForm (formerly XForm)','h2','YForm provides several features and options to easily handle forms and validate the input. Filled in data can be sent per e-mail and/or saved to the database.\r\n\r\nFurthermore, the built-in table manager lets you set up data storages within “mouse clicks”, and of course you can link them up. The table manager can even generate the required source codes for you.','','','','','','','','','','','','','','','','mb','','','','','','','','','','','','','','','','','','','','','','','','','','','','','','','','','','','','','','','','','',9,2,'2016-05-31 12:34:36','2016-06-01 14:32:43','admin','admin',0,0,0),
  (90,2,1,2,'Hint: YForm code can be placed alongside your PHP code.\r\n','YForm helps tremendously to work with forms','','','','','','','','','','','','','','','','','','','bigforest.jpg','','','','','','','','','','','','','','','','','','','','','','','','','','','','','','','','','','','','','','','',9,5,'2016-05-31 12:34:36','2016-06-01 14:47:17','admin','admin',0,0,0),
  (92,2,1,1,'YRewrite','h2','YRewrite was primarily designed to support multi domain websites (if you want to manage multiple domains within just one REDAXO instance), but of course it is useful for simple websites, too.\r\n\r\nThe preferences are focused on essential options and are easily to maintain. Any domain requires a mount point, a starting article and—in case you use multiple languages—a starting language. With YRewrite it is easy for instance to set up a .de domain for german language and a .com domain for english language. When it comes to SEO, you can provide values for both the title schema and the default meta description.','','','','','','','','','','','','','','','','mb','','','','','','','','','','','','','','','','','','','','','','','','','','','','','','','','','','','','','','','','','',11,2,'2016-05-31 12:35:52','2016-06-02 17:33:49','admin','admin',0,0,0),
  (93,2,1,2,'Multiple domains and redirects','Main features of the YRewrite addon','','','','','','','','','','','','','','','','','','','forest.jpg','','','','','','','','','','','','','','','','','','','','','','','','','','','','','','','','','','','','','','','',11,5,'2016-05-31 12:35:52','2016-06-01 14:05:54','admin','admin',0,0,0),
  (94,2,1,3,'','h2','Furthermore, YRewrite comes with features to manage alias domains, which means sending 301 redirects on corresponding domains as well as on specified articles. The required htaccess file will be generated by YRewrite within a mouse click.\r\n\r\nIn case you don’t care that much about SEO and URL refinement, and especially if you have to manage multiple domains, YRewrite may be the perfect solution for you.','','','','','','','','','','','','','','','','mt','','','','','','','','','','','','','','','','','','','','','','','','','','','','','','','','','','','','','','','','','',11,2,'2016-05-31 12:35:52','2016-06-01 14:17:55','admin','admin',0,0,0),
  (96,2,1,1,'More addon recommendations','h2','Certainly any of us has their individual list of default addons. Nevertheless, we want to share some addons we love to use for our websites. They can be downloaded and installed via the REDAXO installer:\r\n\r\n* *Watson*\r\nSearch agent for REDAXO\r\n* *Mform*\r\nHelps to develop form elements in input modules\r\n* *Aufgaben*\r\nSimple task manager used in the admin section','','','','','','','','','','','','','','','','','','','','','','','','','','','','','','','','','','','','','','','','','','','','','','','','','','','','','','','','','',14,2,'2016-05-31 12:36:19','2016-06-01 13:27:26','admin','admin',0,0,0),
  (98,2,1,1,'The concept of modules','','','','','','','','','','','','','','','','','','','','','','','','','','','','','','','','','','','','','','','','','','','','','','','','','','','','','','','','','','','',4,1,'2016-05-31 12:37:23','2016-05-31 21:36:56','admin','admin',0,0,0),
  (99,2,1,2,'','h2','One of the notable benefits of REDAXO are the flexible and easy to create modules, which you can equip with several custom fields and control in every detail. You can stack numerous modules and arrange them in any order.\r\n\r\nh3. Input and output\r\n\r\nThe developer is able to define both the entire input and output for any given module. The input is what you see when you switch a module to the edit mode. For the **input code** you usually set up form elements which allow for saving the data. This is how it could look like:\r\n\r\n@<input type=\"text\" name=\"REX_INPUT_VALUE[1]\" value=\"REX_VALUE[1]\" />@\r\n\r\nThe **output code** in its most simple form would be:\r\n\r\n@REX_VALUE[1]@','','','','','','','','','','','','','','vd','true','mb','','','','','','','','','','','','','','','','','','','','','','','','','','','','','','','','','','','','','','','','','',4,2,'2016-05-31 12:37:23','2016-05-31 21:49:51','admin','admin',0,0,0),
  (100,2,1,3,'A short abstract of the modules used for this demo site','','','','','','','','','','','','','','','','','','','','','','','','','','','','','','','','','','','','','','','','','','','','','','','','','','','','','','','','','','','',4,1,'2016-05-31 12:37:23','2016-05-31 21:50:43','admin','admin',0,0,0),
  (101,2,1,4,'','h2','This is an example for running text with textile markup entered in the Markitup editor.\r\nInsert “Enter” once produces a line break, twice starts a new paragraph.\r\n\r\nThis is *a bold section*. Followed up by a normal section. _And here is some italic text_. You can place a \"internal link\":redaxo://2 and of course an \"external link\":http://redaxo.org or a \"mailto link\":mailto:info@redaxo.org.\r\n\r\nh4. Format source code as well\r\n\r\n@$textile = htmlspecialchars_decode(rex_global_settings::getValue(\'glob_info\'));@\r\n\r\nh4. This is what a quote looks like:\r\n\r\nbq. Nothing is more powerful than an idea whose time has come.\r\n_Victor Hugo_','','','','','','','','','','','','','','vd','true','','','','','','','','','','','','','','','','','','','','','','','','','','','','','','','','','','','','','','','','','','',4,2,'2016-05-31 12:37:23','2016-10-18 16:54:28','admin','decaf',0,0,0),
  (102,2,1,5,'','h2','h4. Unordered list\r\n\r\n* This is a list item of an unordered list.\r\n* Each list item takes up a single line.\r\n* A * produces an unordered list item, while a # produces a ordered list item.\r\n\r\nh4. Ordered list\r\n\r\n# This is a list item of an ordered list.\r\n# Each list item takes up a single line.\r\n# A * produces an unordered list item, while a # produces a ordered list item.','','','','','','','','','','','','','','vd','true','mb','','','','','','','','','','','','','','','','','','','','','','','','','','','','','','','','','','','','','','','','','',4,2,'2016-05-31 12:37:23','2016-05-31 22:13:40','admin','admin',0,0,0),
  (103,2,1,6,'','Downloads','h2','','','','','','','','','','','','','true','vd','','mtb','','','','','','','','','','','','word-testdatei.doc,pdf-testdatei.pdf','','','','','','','','','','','','','','','','','','','','','','','','','','','','','',4,9,'2016-05-31 12:37:23','2016-05-31 12:37:23','admin','admin',0,0,0),
  (104,2,1,7,'','h2','*Note on downloads:*\r\nIn order to not only link to a file but force it to download, the demo consists of an article using a specific template which takes care of the download.\r\nThe download module adds the file size and displays a corresponding file type icon (can be extended by further icons).','','','','','','','','','','','','','','vd','','mtb','','','','','','','','','','','','','','','','','','','','','','','','','','','','','','','','','','','','','','','','','',4,2,'2016-05-31 12:37:23','2016-06-02 17:18:57','admin','admin',0,0,0),
  (105,2,1,8,'In the textile editor, you can mark up table cells by inserting a pipe: |\r\nOf course, all table rows must consist of the same amount of cells.','','','','','','','','','','','','','','','','','','','','sad-trees.jpg','','','','','','','','','','','','','','','','','','','','','','','','','','','','','','','','','','','','','','','',4,5,'2016-05-31 12:37:23','2016-05-31 22:24:47','admin','admin',0,0,0),
  (106,2,1,9,'Tables','h3','|_. header|_. header|_. header|\r\n|Cell|Cell|Cell|\r\n|Cell|Cell|Cell|\r\n|Cell|Cell|Cell|','','','','','','','','','','','','','','','','mt','','','','','','','','','','','','','','','','','','','','','','','','','','','','','','','','','','','','','','','','','',4,2,'2016-05-31 12:37:23','2016-05-31 18:25:23','admin','admin',0,0,0),
  (107,2,1,10,'','h4. Bootstrap\r\n\r\nThis demo site is based upon the Bootstrap CSS framework. You can use Bootstrap’s CSS classes to control the page layout and optimize the page for different viewport sizes.\r\n\r\nThe current module demonstrates—in a very simple manner—how to work with layout: the author can choose between 1, 2 or 3 columns. Every column may contain images and text.\r\n\r\nImages will be generated by the image manager addon, and they are “forced” to show up with equal aspect ratios in order to keep them vertically aligned when placed side by side.','','','','','','','2','Combine text and image columns','h3','','','','','','','','mtb','','standing.jpg','','','','','','','','','','','','','','','','','','','','','','','','','','','','','','','','','','','','','','','',4,3,'2016-05-31 12:37:23','2016-06-02 17:21:29','admin','admin',0,0,0),
  (108,2,1,11,'Running text within a column of 1/3 width. This module places two columns side by side in viewports smaller than 992 px and one column per line in viewports smaller than 768 px.','Running text within a column of 1/3 width. This module places two columns side by side in viewports smaller than 992 px and one column per line in viewports smaller than 768 px.','Running text within a column of 1/3 width. This module places two columns side by side in viewports smaller than 992 px and one column per line in viewports smaller than 768 px.','','','','','','3','Example of three columns containing image and text','h3','','','','','','','','','','bigforest.jpg','eagle.jpg','northern_lights.jpg','','','','','','','','','','','','','','','','','','','','','','','','','','','','','','','','','','','','','',4,3,'2016-05-31 12:37:23','2016-06-01 10:17:50','admin','admin',0,0,0),
  (109,2,1,12,'full','Gallery','h2','','','','','','','','','','','','','','','','mtb','','','','','','','','','','','','mountain_mood.jpg,evening_mood.jpg,eagle.jpg,more_forest.jpg,standing.jpg,bigforest.jpg,northern_lights.jpg,mountain_sea.jpg','','','','','','','','','','','','','','','','','','','','','','','','','','','','','',4,6,'2016-05-31 12:37:23','2016-05-31 22:26:56','admin','admin',0,0,0),
  (110,2,1,13,'With this module group you can set up both tabs and accordions.\r\n\r\nSince REDAXO has a limit of 20 REX_VALUE fields, you could provide up to 18–20 accordions or tabs—depending on the amount of additional output options. But this demo site demonstrates another solution which can be quite useful in several contexts:\r\nYou may use separate modules for the input and the output. Any tab or accordion represents a module. However, their content won’t show up immediately, but will be “collected” later on. The output module—which is placed below the tabs or accordions—grabs all the data, sorts it and handles the output.','Title 1','','','','','','','','','','','','','','','','','','','','','','','','','','','','','','','','','','','','','','','','','','','','','','','','','','','','','','','','','','',4,7,'2016-05-31 12:37:23','2016-06-01 10:35:33','admin','admin',0,0,0),
  (111,2,1,14,'Former REDAXO versions contained the global $REX variable, which allowed for saving data and bringing it up elsewhere later on. It has been removed from REDAXO 5. However, now you can make use of **rex::setProperty(‘key’, $value)** and **rex::getProperty(‘key’)**.','Title 2','','','','','','','','','','','','','','','','','','','','','','','','','','','','','','','','','','','','','','','','','','','','','','','','','','','','','','','','','','',4,7,'2016-05-31 12:37:23','2016-06-01 10:39:50','admin','admin',0,0,0),
  (112,2,1,15,'As mentioned above, the module would have been able to handle a limited amount of accordions or tabs—which may have been easier to demonstrate. Hence we wanted to show you an example of an output module collecting and processing data from other modules, because this setup can be quite useful in several contexts.','Title 3','','','','','','','','','','','','','','','','','','','','','','','','','','','','','','','','','','','','','','','','','','','','','','','','','','','','','','','','','','',4,7,'2016-05-31 12:37:23','2016-06-01 10:46:52','admin','admin',0,0,0),
  (113,2,1,16,'bt','Tabs','one-open','','','','','','','','','','','','','','','','','','','','','','','','','','','','','','','','','','','','','','','','','','','','','','','','','','','','','','','','','',4,8,'2016-05-31 12:37:24','2016-05-31 12:37:24','admin','admin',0,0,0),
  (115,2,1,1,'Template structure and navigation','','','','','','','','','','','','','','','','','','','','','','','','','','','','','','','','','','','','','','','','','','','','','','','','','','','','','','','','','','','',2,1,'2016-05-31 12:40:37','2016-05-31 21:35:29','admin','admin',0,0,0),
  (116,2,1,2,'h3. Idea\r\n\r\nWhen developing websites, there’s usually more than one final solution. You may choose from several ways to set up the structure, the templates and the modules for your website. Oftentimes, it all depends on the context.\r\n\r\nAs a result, working with REDAXO is sometimes not obvious for beginners. And due to the fact that a proper structure may vary between websites, it’s all but impossible to write a common user manual.','h3. Frameworks and scripts\r\n\r\nThis demo website is based upon the \"Boostrap\":http://getbootstrap.com/ CSS framework and makes use of the bootstrap related \"Font Awesome\":https://fortawesome.github.io/Font-Awesome/ icon set.\r\n\r\nMoreover, the site works with jQuery and several jQuery plugins like \"PrettyPhoto\":http://www.no-margin-for-errors.com/projects/prettyphoto-jquery-lightbox-clone/ (lightbox gallery), \"Flexslider\":https://www.woothemes.com/flexslider/ (home slider) or \"Prettify\":https://github.com/google/code-prettify (code formatter).\r\n\r\nFind some details on the \"REDAXO addons\":redaxo://3 included within this demo.','','','','','','','2','','h2','','','','','','','','mb','','','','','','','','','','','','','','','','','','','','','','','','','','','','','','','','','','','','','','','','','',2,3,'2016-05-31 12:40:37','2016-06-02 17:12:19','admin','admin',0,0,0),
  (117,2,1,3,'Please do not consider this demo site as a standard how to work with REDAXO. It’s supposed to demonstrate just ONE possible solution, containing very personal opinions on developing websites.','The REDAXO team','','','','','','','','','','','','','','','','','','','more_forest.jpg','','','','','','','','','','','','','','','','','','','','','','','','','','','','','','','','','','','','','','','',2,5,'2016-05-31 12:40:37','2016-06-02 17:13:29','admin','admin',0,0,0),
  (118,2,1,4,'h3. Categories and articles\r\n\r\nREDAXO uses categories and articles. Think of articles as pieces of paper containing content like texts, images, videos et al.\r\n\r\nCategories represent the navigation structure. Any category includes at least one article—which is the start article. Think of categories as a folder containing papers. Summary: articles represent content, while categories build up the site hierarchy.','h3. Navigation\r\n\r\nA navigation will usually be built from the categories of a website. REDAXO provides several ways to implement it. You can use the class “rex_navigation” to generate common navigations, even with minimal PHP knowledge.\r\n\r\nThis is what a simple navigation may look like:','','','','','','','2','','h2','','','','','','','','mt','','','','','','','','','','','','','','','','','','','','','','','','','','','','','','','','','','','','','','','','','',2,3,'2016-05-31 12:40:38','2016-05-31 21:35:42','admin','admin',0,0,0),
  (119,2,1,5,'<?php \r\n$nav = rex_navigation::factory();\r\n\r\necho \'<div id=\"navigation\">\';\r\necho $nav->get(0,2,TRUE,TRUE);\r\necho \'</div>\';\r\n?>\r\n','','','','','','','','','','','','','','','','','','','','','','','','','','','','','','','','','','','','','','','','','','','','','','','','','','','','','','','','','','','',2,10,'2016-05-31 12:40:38','2016-05-31 12:40:38','admin','admin',0,0,0),
  (120,2,1,6,'On rex_navigation','h3','This snippet defines the navigation output\r\n@$nav->get(0,-1,FALSE,TRUE);@\r\n\r\n* The first parameter—here: “0”—defines where to start the navigation. “0” means to start at the top level.\r\n* The second parameter specifies the number of levels: “-1” means to consider all levels. You may insert a specific value instead. Common values are 2 or 3.\r\n* Use the third parameter to control whether to show all categories or the active ones only. Set to “FALSE” in order to generate a sort of sitemap, or use “TRUE” for a default navigation where only the sub-categories of the current category will be visible.\r\n* The fourth parameter defines whether to show online articles only (“TRUE”) or offline articles, too (“FALSE”).','','','','','','','','','','','','','true','','','mtb','','','','','','','','','','','','','','','','','','','','','','','','','','','','','','','','','','','','','','','','','',2,2,'2016-05-31 12:40:38','2016-05-31 15:44:25','admin','admin',0,0,0),
  (121,2,1,7,'Custom navigation','h3','Despite rex_navigation being suitable for a lot of use cases, you’ll sometimes need to develop custom navigations. Starting with the “path” value of any article, which is like a breadcrumb path and contains information where to find the article, it needs little PHP knowledge only to build a custom navigation.\r\n\r\nThis is what code looks like for the navigation of this demo site. It shows one level only to keep the example straightforward. You can find the complete code for both the two levels in the template “05 . Navigation”.','','','','','','','','','','','','','','','','mt','','','','','','','','','','','','','','','','','','','','','','','','','','','','','','','','','','','','','','','','','',2,2,'2016-05-31 12:40:38','2016-05-31 15:27:22','admin','admin',0,0,0),
  (122,2,1,8,'<?php\r\n$path = explode(\"|\",$this->getValue(\"path\").$this->getValue(\"article_id\").\"|\");\r\n$path1 = ((!empty($path[1])) ? $path[1] : \'\');\r\n\r\necho \'<ul>\';\r\n\r\nforeach (rex_category::getRootCategories() as $lev1) {\r\n\r\n	if ($lev1->isOnline(true)) {\r\n		\r\n		if ($lev1->getId() == $path1) {\r\n			echo \'<li class=\"active\"><a href=\"\'.$lev1->getUrl().\'\">\'.htmlspecialchars($lev1->getValue(\'name\')).\'</a></li>\';\r\n		} else {\r\n			echo \'<li><a href=\"\'.$lev1->getUrl().\'\">\'.htmlspecialchars($lev1->getValue(\'name\')).\'</a></li>\';\r\n		}\r\n	 \r\n	}\r\n}\r\n\r\necho \'<ul>\';\r\n?>\r\n','','','','','','','','','','','','','','','','','','','','','','','','','','','','','','','','','','','','','','','','','','','','','','','','','','','','','','','','','','','',2,10,'2016-05-31 12:40:38','2016-05-31 12:40:38','admin','admin',0,0,0),
  (124,1,1,9,'<?php\r\n// zwei Sprachen -> zeige nur den Link zur anderen Sprache\r\nforeach (rex_clang::getAll(true) as $lang) {\r\n	if (rex_clang::getCurrentId() != $lang->getValue(\'id\')) {\r\n		echo \'<a href=\"\'.rex_getUrl($this->getValue(\'article_id\'), $lang->getValue(\'id\')).\'\">\'.$lang->getValue(\'name\').\'</a>\';\r\n	}\r\n}\r\n\r\n// mehr als zwei Sprachen online -> zeige Dropdown, die aktuelle Sprache nicht klickbar	\r\nforeach (rex_clang::getAll(true) as $lang) {\r\n	if (rex_clang::getCurrentId() == $lang->getValue(\'id\')) {\r\n		echo \'<li class=\"dropdown\"><a href=\"#\">\'.$lang->getValue(\'name\').\'</a>\';\r\n	} else {\r\n		echo \'<li><a href=\"\'.rex_getUrl($this->getValue(\'article_id\'), $lang->getValue(\'id\')).\'\">\'.$lang->getValue(\'name\').\'</a></li>\';\r\n	}\r\n}\r\n?>','','','','','','','','','','','','','','','','','','','','','','','','','','','','','','','','','','','','','','','','','','','','','','','','','','','','','','','','','','','',15,10,'2016-05-31 17:40:50','2016-06-01 22:41:24','admin','admin',0,0,0),
  (125,1,1,4,'','h2','Die zwei Felder jeder Sprache – Code und Name – haben zunächst keinen Einfluss im Frontend, können und sollten aber dynamisch Verwendung finden, wo sinnvoll.\r\nDer Eintrag im Feld \"Code\" kann z.B. perfekt als language-Attribut im HTML-Tag genutzt werden.','','','','','','','','','','','','','','vd','true','','','','','','','','','','','','','','','','','','','','','','','','','','','','','','','','','','','','','','','','','','',15,2,'2016-05-31 17:51:48','2016-06-01 21:19:32','admin','admin',0,0,0),
  (126,1,1,3,'<html lang=\"<?php echo rex_clang::getCurrent()->getCode(); ?>\">','','','','','','','','','','','','','','','','','','','','','','','','','','','','','','','','','','','','','','','','','','','','','','','','','','','','','','','','','','','',15,10,'2016-05-31 17:55:32','2016-06-01 21:15:08','admin','admin',0,0,0),
  (127,1,1,1,'Mehrsprachigkeit','','','','','','','','','','','','','','','','','','','','','','','','','','','','','','','','','','','','','','','','','','','','','','','','','','','','','','','','','','','',15,1,'2016-05-31 17:57:01','2016-05-31 17:57:01','admin','admin',0,0,0),
  (128,1,1,5,'','h2','Es muss nicht bei diesen beiden Feldern bleiben. Neu hinzugekommen in REDAXO 5 sind Metafelder für Sprachen. Wie bei Kategorien, Artikeln und Medien auch stehen bei den Sprachen nun also Metafelder zur Verfügung, z.B. für sprachspezifische Einstellungen.\r\n\r\nDenkbar wären etwa Länderflaggen für einen Sprachwechsler oder – wie hier in der Demo – die setlocale-Einstellung von PHP. Mit dem Eintrag von \"de_DE\" für deutsch und \"en_EN\" für englisch würde dann das Datum z.B. vom 22.12.1978 in der für jedes Land gültigen Schreibweise angezeigt werden:','','','','','','','','','','','','','','vd','','','','','','','','','','','','','','','','','','','','','','','','','','','','','','','','','','','','','','','','','','','',15,2,'2016-05-31 18:09:55','2016-06-02 11:22:59','admin','admin',0,0,0),
  (129,1,1,6,'<?php\r\n// setLocale ist ein Sprachen-Metafeld, das individuelle locale-Informationen pro Sprache ermöglicht\r\nsetlocale (LC_ALL, rex_clang::getCurrent()->getValue(\'clang_setlocale\'));\r\n\r\n// Zeige das Datum in dem für jedes Land üblichen Datumsformat\r\necho strftime (\"%A %e %B %Y\", mktime (0, 0, 0, 12, 22, 1978));\r\n\r\n// mit setlocale \"de_DE\":\r\n// Freitag 22 Dezember 1978\r\n\r\n// mit setlocale \"en_EN\":\r\n// Friday 22 December 1978\r\n?>','','','','','','','','','','','','','','','','','','','','','','','','','','','','','','','','','','','','','','','','','','','','','','','','','','','','','','','','','','','',15,10,'2016-05-31 18:11:14','2016-06-01 21:36:51','admin','admin',0,0,0),
  (130,1,1,2,'','h2. Sprachen verwalten\r\n\r\nMehrsprachige Websites sind mit REDAXO extrem einfach zu erstellen.\r\nIm Menüpunkt *System* gibt es den Punkt *Sprachen*, dort ist Deutsch voreingestellt.\r\nMit einem Klick auf das *+* fügt man eine neue Sprache hinzu. Danach liegt die Struktur von REDAXO bereits in zwei Sprachen vor. Es wurde also eine komplette Kopie der Seitenstruktur für die andere Sprache erstellt. Der Artikelstatus steht in der neuen Sprache überall auf offline – wie beim Anlegen einer neuen Seite auch.\r\n\r\nDatenbanktechnisch existiert jeder Artikel in beiden Sprachen als separater Datensatz – mit der ID der jeweiligen Sprache markiert.\r\n*Achtung:* Die Sprachen sind aber dennoch untrennbar verknüpft! Löscht man einen Artikel in einer Sprache, so wird er auch in allen anderen Sprachen gelöscht. Deshalb nutzt man am besten die Offline-Funktion, wenn ein Artikel in einer Sprache nicht benötigt wird.','','','','','','','2','','h1','','','','','','','','','','sprachen.jpg','','','','','','','','','','','','','','','','','','','','','','','','','','','','','','','','','','','','','','','',15,3,'2016-06-01 21:09:22','2016-06-01 22:28:24','admin','admin',0,0,0),
  (131,1,1,7,'Je nach Website wird man eine Art von \"Sprachwechsler\" benötigen.\r\n\r\nSoll zum gleichen Artikel in der jeweils anderen Sprache gewechselt werden? Oder zur Startseite?\r\nGibt es für alle Sprachen Inhalte in allen Artikeln? Falls nicht, soll der Inhalt der Hauptsprache angezeigt werden oder der Link gar nicht erst in der Navigation erscheinen?','Dies sind nur einige der Fragen bei der Konzeption einer Sprachnavigation','','','','','','','','','','','','','','','','','','','hazy-field.jpg','','','','','','','','','','','','','','','','','','','','','','','','','','','','','','','','','','','','','','','',15,5,'2016-06-01 21:35:36','2016-06-01 22:00:20','admin','admin',0,0,0),
  (132,1,1,8,'h3. Zwei Sprachen\r\n\r\nBei zwei Sprachen genügt oft eine ganz schlichte Navigation:\r\nEs soll nur jeweils der Link zum gleichen Artikel in der anderen Sprache angezeigt werden.\r\n\r\nÜbrigens: Wenn man die Sprachnavigation in ein eigenes Template setzt und dieses an die Navigation in einem anderen Template anhängen möchte, kann man die in der Variable *$languages* gespeicherte Navigation mit *setProperty* global \"zwischenspeichern\":\r\n@rex::setProperty(\'lang_switch\', $languages);@\r\n\r\nIm anderen Template kann man diese Daten dann - sofern das Sprach-Template eingebunden wurde - an der passenden Stelle wieder auslesen und anzeigen:\r\n@echo rex::getProperty(\'lang_switch\');@','h3. Mehr als zwei Sprachen\r\n\r\nBei mehr als zwei Sprachen könnte man ein Dropdown verwenden, das unter der aktuellen Sprache die Links zu allen anderen Sprachen anzeigt – allerdings nur, wenn diese online sind. Dies gelingt mit der Angabe \"true\":\r\n@rex_clang::getAll(true)@\r\n\r\nIn dieser Demo sind beide Variante zu finden: Lege eine weitere Sprache an, um die unterschiedliche Sprachnavigation zu sehen.','','','','','','','2','','h1','','','','','','','','mt','','','','','','','','','','','','','','','','','','','','','','','','','','','','','','','','','','','','','','','','','',15,3,'2016-06-01 21:49:34','2016-06-01 22:33:34','admin','admin',0,0,0),
  (133,1,1,10,'Sprachersetzung: Zum Beispiel Sprog','h3','Die Artikel und Kategorien sowie ihre jeweiligen Metafelder sind also alle in beiden Sprachen vorhanden. Der Medienpool ist allerdings nicht mit dieser automatischen Zweisprachigkeit ausgestattet, denn manche Dateien (etwa PDF-Downloads) sind nicht per se zweisprachig. Falls man im Medienpool Mehrsprachigkeit benötigt, kann man einfach selbst die entsprechenden Metafelder anlegen.\r\n\r\nTrotz der guten mehrsprachigen Unterstützung wird es manche Daten geben, die man nicht in Modulen verwalten kann und die der Redakteur dennoch pflegen oder übersetzen soll. Ein Beispiel wären etwa Formulare, auf die der Redakteur keinen Zugriff haben soll. Für diese Fälle existieren Sprachersetzungs-AddOns wie das in dieser Demo verwendete **Sprog**, das Schlüssel und deren Übersetzung in allen Sprachen verwaltet. Nach Eingabe des Schlüssel\r\n@{{ enter_search_word }}@\r\nbeispielsweise erscheint dann der übersetzte Begriff\r\n@Suchbegriff eingeben@\r\n\r\nSprog kommt auf der \"Kontaktseite(Kontakt)\":redaxo://7 zum Einsatz. Und bei der Mobil-Navigation.','','','','','','','','','','','','','','vd','','mtb','','','','','','','','','','','','','','','','','','','','','','','','','','','','','','','','','','','','','','','','','',15,2,'2016-06-01 22:05:57','2016-06-01 23:38:18','admin','admin',0,0,0),
  (134,2,1,1,'Multiple languages','','','','','','','','','','','','','','','','','','','','','','','','','','','','','','','','','','','','','','','','','','','','','','','','','','','','','','','','','','','',15,1,'2016-06-01 22:37:07','2016-06-01 22:40:03','admin','admin',0,0,0),
  (135,2,1,2,'','h2. Manage languages\r\n\r\nIt is super easy to develop multilingual websites with REDAXO. Located at the *System* menu, you’ll find a section *Languages*, with german language predefined.\r\nAdd another language by clicking the *+*, and REDAXO will copy the whole content structure to the target language. The status of all copied articles will be offline—this is default behavior when adding new articles.\r\n\r\nConcerning the database, any article will be a self-contained entity in both languages—marked up with the corresponding language ID.\r\n*Watch out:* all articles and categories are linked across the languages! If you delete an article in one language, it will be deleted in all other languages, too. That’s why you’d better use the offline status to disable articles in a selected language.','','','','','','','2','','h1','','','','','','','','','','sprachen.jpg','','','','','','','','','','','','','','','','','','','','','','','','','','','','','','','','','','','','','','','',15,3,'2016-06-01 22:37:07','2016-06-02 10:24:01','admin','admin',0,0,0),
  (136,2,1,3,'<html lang=\"<?php echo rex_clang::getCurrent()->getCode(); ?>\">','','','','','','','','','','','','','','','','','','','','','','','','','','','','','','','','','','','','','','','','','','','','','','','','','','','','','','','','','','','',15,10,'2016-06-01 22:37:07','2016-06-01 22:37:07','admin','admin',0,0,0),
  (137,2,1,4,'','h2','The two values of each language—code and name—do not show up in the frontend in the first instance. But you may apply them whenever it seems useful.\r\nThe code value for instance is perfectly suited to be used for the HTML language attribute.','','','','','','','','','','','','','','vd','true','','','','','','','','','','','','','','','','','','','','','','','','','','','','','','','','','','','','','','','','','','',15,2,'2016-06-01 22:37:07','2016-06-02 11:22:02','admin','admin',0,0,0),
  (138,2,1,5,'','h2','We don’t need to stick to only two values. With REDAXO 5, meta fields for languages have been implemented. They allow for language specific features—like we already know from category metas, article metas and media metas.\r\n\r\nFor instance, they could be used for country flags inside a language switcher, or for setlocale settings in PHP—like this demo site does. Set to “de_DE” for german and “en_EN” for english, showing a date like 22.12.1978 would be formatted according to the locale settings:','','','','','','','','','','','','','','vd','','','','','','','','','','','','','','','','','','','','','','','','','','','','','','','','','','','','','','','','','','','',15,2,'2016-06-01 22:37:07','2016-06-02 11:53:08','admin','admin',0,0,0),
  (139,2,1,6,'<?php\r\n// setLocale is a language meta value to support locale settings for any given language\r\nsetlocale (LC_ALL, rex_clang::getCurrent()->getValue(\'clang_setlocale\'));\r\n\r\n// Display the date according to the locale settings\r\necho strftime (\"%A %e %B %Y\", mktime (0, 0, 0, 12, 22, 1978));\r\n\r\n// setlocale set to \"de_DE\":\r\n// Freitag 22 Dezember 1978\r\n\r\n// setlocale set to \"en_EN\":\r\n// Friday 22 December 1978\r\n?>','','','','','','','','','','','','','','','','','','','','','','','','','','','','','','','','','','','','','','','','','','','','','','','','','','','','','','','','','','','',15,10,'2016-06-01 22:37:07','2016-06-02 11:55:33','admin','admin',0,0,0),
  (140,2,1,7,'Depending on the structure of your website, you’ll need some type of “language switcher”.\r\n\r\nWhat should the link target be? Link to the same article in another language? Or better link to the home page?\r\nDo we have article content in all languages? If not, should we let the system fall back to the first language? Or better hide the link from the navigation?','These are just a few questions when planning a language navigation','','','','','','','','','','','','','','','','','','','hazy-field.jpg','','','','','','','','','','','','','','','','','','','','','','','','','','','','','','','','','','','','','','','',15,5,'2016-06-01 22:37:07','2016-06-02 14:14:48','admin','admin',0,0,0),
  (141,2,1,8,'h3. Two languages\r\n\r\nIf you’ve got two languages only, you’ll need a very plain navigation in most instances:\r\nA link to the current article in another language will be sufficient.\r\n\r\nBy the way: in case you sourced out the language navigation to a separate template and want to include it to another template, you can temporarily “save” the *$languages* variable globally with *setProperty*:\r\n@rex::setProperty(\'lang_switch\', $languages);@\r\n\r\nOnce the language template has been included, you can access the navigation data and show it up:\r\n@echo rex::getProperty(\'lang_switch\');@','h3. More than two languages\r\n\r\nIf you need to select from more than two languages, you may use a dropdown element to list all available languages—but only the ones being online. This can be done by “true”:\r\n@rex_clang::getAll(true)@\r\n\r\nIn this demo, you can see both versions of the language navigation: add another language to show up the extended switcher.','','','','','','','2','','h1','','','','','','','','mt','','','','','','','','','','','','','','','','','','','','','','','','','','','','','','','','','','','','','','','','','',15,3,'2016-06-01 22:37:07','2016-06-02 15:33:53','admin','admin',0,0,0),
  (142,2,1,9,'<?php\r\n// two languages online -> only show link to other language\r\nforeach (rex_clang::getAll(true) as $lang) {\r\n	if (rex_clang::getCurrentId() != $lang->getValue(\'id\')) {\r\n		echo \'<a href=\"\'.rex_getUrl($this->getValue(\'article_id\'), $lang->getValue(\'id\')).\'\">\'.$lang->getValue(\'name\').\'</a>\';\r\n	}\r\n}\r\n\r\n// more than two languages online -> show dropdown, current language not clickable	\r\nforeach (rex_clang::getAll(true) as $lang) {\r\n	if (rex_clang::getCurrentId() == $lang->getValue(\'id\')) {\r\n		echo \'<li class=\"dropdown\"><a href=\"#\">\'.$lang->getValue(\'name\').\'</a>\';\r\n	} else {\r\n		echo \'<li><a href=\"\'.rex_getUrl($this->getValue(\'article_id\'), $lang->getValue(\'id\')).\'\">\'.$lang->getValue(\'name\').\'</a></li>\';\r\n	}\r\n}\r\n?>','','','','','','','','','','','','','','','','','','','','','','','','','','','','','','','','','','','','','','','','','','','','','','','','','','','','','','','','','','','',15,10,'2016-06-01 22:37:07','2016-06-01 22:37:07','admin','admin',0,0,0),
  (143,2,1,10,'Language replacement: such as Sprog','h3','Like we said, alle articles and categories plus their meta values are available in all given languages. However, the media pool does not support this sort of replicated data. This is because a lot of files (like PDF) per se are not multilingual. In case you need multi-language support for the media pool, you can set up custom meta fields.\r\n\r\nDespite the notable multi-language support, there may be some content which is difficult to provide within modules, but is supposed to be maintained or translated by CMS authors. Such as forms labels or descriptions, which are included in backend logic and usually shouldn’t be editable for authors. In those cases you can make use of content replacement tools like **Sprog** addon, which is used for this demo site as well. It provides keys and their related values in all given languages. For instance, if you insert some\r\n@{{ search_string }}@\r\nit will be replaced with a translation like\r\n@Enter search string@\r\n\r\nThe Sprog addon is used on the \"contact page\":redaxo://7 and for the mobile navigation.','','','','','','','','','','','','','','vd','','mtb','','','','','','','','','','','','','','','','','','','','','','','','','','','','','','','','','','','','','','','','','',15,2,'2016-06-01 22:37:07','2016-06-02 17:02:25','admin','admin',0,0,0);
/*!40000 ALTER TABLE `rex_article_slice` ENABLE KEYS */;
UNLOCK TABLES;

DROP TABLE IF EXISTS `rex_clang`;
CREATE TABLE `rex_clang` (
  `id` int(10) unsigned NOT NULL AUTO_INCREMENT,
  `code` varchar(255) NOT NULL,
  `name` varchar(255) NOT NULL,
  `priority` int(10) unsigned NOT NULL,
  `revision` int(10) unsigned NOT NULL,
  `status` tinyint(1) NOT NULL,
  `clang_setlocale` text,
  PRIMARY KEY (`id`)
) ENGINE=InnoDB AUTO_INCREMENT=3 DEFAULT CHARSET=utf8;

LOCK TABLES `rex_clang` WRITE;
/*!40000 ALTER TABLE `rex_clang` DISABLE KEYS */;
INSERT INTO `rex_clang` VALUES 
  (1,'de','deutsch',1,0,1,'de_DE'),
  (2,'en','english',2,0,1,'en_En');
/*!40000 ALTER TABLE `rex_clang` ENABLE KEYS */;
UNLOCK TABLES;

DROP TABLE IF EXISTS `rex_config`;
CREATE TABLE `rex_config` (
  `id` int(10) unsigned NOT NULL AUTO_INCREMENT,
  `namespace` varchar(75) NOT NULL,
  `key` varchar(255) NOT NULL,
  `value` text NOT NULL,
  PRIMARY KEY (`id`),
  UNIQUE KEY `unique_key` (`namespace`,`key`)
) ENGINE=InnoDB AUTO_INCREMENT=318 DEFAULT CHARSET=utf8;

LOCK TABLES `rex_config` WRITE;
/*!40000 ALTER TABLE `rex_config` DISABLE KEYS */;
INSERT INTO `rex_config` VALUES 
  (3,'media_manager','jpg_quality','85'),
  (57,'phpmailer','from','\"from@example.com\"'),
  (58,'phpmailer','fromname','\"Mailer\"'),
  (59,'phpmailer','confirmto','\"\"'),
  (60,'phpmailer','bcc','\"\"'),
  (61,'phpmailer','mailer','\"mail\"'),
  (62,'phpmailer','host','\"localhost\"'),
  (63,'phpmailer','port','25'),
  (64,'phpmailer','charset','\"utf-8\"'),
  (65,'phpmailer','wordwrap','120'),
  (66,'phpmailer','encoding','\"8bit\"'),
  (67,'phpmailer','priority','3'),
  (68,'phpmailer','smtpsecure','\"\"'),
  (69,'phpmailer','smtpauth','false'),
  (70,'phpmailer','username','\"\"'),
  (71,'phpmailer','password','\"\"'),
  (116,'structure','start_article_id','1'),
  (117,'structure','notfound_article_id','13'),
  (118,'structure/content','default_template_id','1'),
  (197,'sprog','chunkSizeArticles','4'),
  (316,'core','package-config','{\"backup\":{\"install\":true,\"status\":true},\"be_style\":{\"install\":true,\"status\":true,\"plugins\":{\"customizer\":{\"install\":false,\"status\":false},\"redaxo\":{\"install\":true,\"status\":true}}},\"cronjob\":{\"install\":false,\"status\":false,\"plugins\":{\"article_status\":{\"install\":false,\"status\":false},\"optimize_tables\":{\"install\":false,\"status\":false}}},\"demo_base\":{\"install\":true,\"status\":true},\"developer\":{\"install\":false,\"status\":false},\"install\":{\"install\":true,\"status\":true},\"markitup\":{\"install\":true,\"status\":true},\"media_manager\":{\"install\":true,\"status\":true},\"mediapool\":{\"install\":true,\"status\":true},\"metainfo\":{\"install\":true,\"status\":true},\"phpmailer\":{\"install\":true,\"status\":true},\"project\":{\"install\":false,\"status\":false},\"redactor2\":{\"install\":true,\"status\":true},\"sprog\":{\"install\":true,\"status\":true},\"structure\":{\"install\":true,\"status\":true,\"plugins\":{\"content\":{\"install\":true,\"status\":true},\"history\":{\"install\":false,\"status\":false},\"version\":{\"install\":false,\"status\":false}}},\"users\":{\"install\":true,\"status\":true},\"yform\":{\"install\":true,\"status\":true,\"plugins\":{\"docs\":{\"install\":true,\"status\":true},\"email\":{\"install\":true,\"status\":true},\"geo\":{\"install\":false,\"status\":false},\"manager\":{\"install\":true,\"status\":true},\"tools\":{\"install\":false,\"status\":false}}}}'),
  (317,'core','package-order','[\"be_style\",\"be_style\\/redaxo\",\"users\",\"backup\",\"install\",\"markitup\",\"media_manager\",\"mediapool\",\"phpmailer\",\"redactor2\",\"sprog\",\"structure\",\"demo_base\",\"metainfo\",\"structure\\/content\",\"yform\",\"yform\\/docs\",\"yform\\/email\",\"yform\\/manager\"]');
/*!40000 ALTER TABLE `rex_config` ENABLE KEYS */;
UNLOCK TABLES;

DROP TABLE IF EXISTS `rex_markitup_profiles`;
CREATE TABLE `rex_markitup_profiles` (
  `id` int(11) unsigned NOT NULL AUTO_INCREMENT,
  `name` varchar(30) NOT NULL DEFAULT '',
  `description` varchar(255) NOT NULL DEFAULT '',
  `urltype` varchar(50) NOT NULL,
  `minheight` smallint(5) unsigned NOT NULL,
  `maxheight` smallint(5) unsigned NOT NULL,
  `type` varchar(50) NOT NULL,
  `markitup_buttons` text NOT NULL,
  PRIMARY KEY (`id`)
) ENGINE=InnoDB AUTO_INCREMENT=3 DEFAULT CHARSET=utf8;

LOCK TABLES `rex_markitup_profiles` WRITE;
/*!40000 ALTER TABLE `rex_markitup_profiles` DISABLE KEYS */;
INSERT INTO `rex_markitup_profiles` VALUES 
  (1,'textile_full','Standard MarkItUp-Konfiguration','relative',300,800,'textile','heading1,heading2,heading3,bold,italic,quote,unorderedlist,orderedlist,sub,sup,table,grouplink[file|internal|external|mailto]'),
  (2,'markdown_full','Standard MarkItUp-Konfiguration','relative',300,800,'markdown','bold,code,clips[Snippetname1=Snippettext1|Snippetname2=Snippettext2],deleted,emaillink,externallink,groupheading[1|2|3|4|5|6],grouplink[file|internal|external|mailto],heading1,heading2,heading3,heading4,heading5,heading6,internallink,italic,media,medialink,orderedlist,paragraph,quote,sub,sup,table,underline,unorderedlist');
/*!40000 ALTER TABLE `rex_markitup_profiles` ENABLE KEYS */;
UNLOCK TABLES;

DROP TABLE IF EXISTS `rex_media`;
CREATE TABLE `rex_media` (
  `id` int(10) unsigned NOT NULL AUTO_INCREMENT,
  `category_id` int(10) unsigned NOT NULL,
  `attributes` text,
  `filetype` varchar(255) DEFAULT NULL,
  `filename` varchar(255) DEFAULT NULL,
  `originalname` varchar(255) DEFAULT NULL,
  `filesize` varchar(255) DEFAULT NULL,
  `width` int(10) unsigned DEFAULT NULL,
  `height` int(10) unsigned DEFAULT NULL,
  `title` varchar(255) DEFAULT NULL,
  `createdate` datetime NOT NULL,
  `updatedate` datetime NOT NULL,
  `createuser` varchar(255) NOT NULL,
  `updateuser` varchar(255) NOT NULL,
  `revision` int(10) unsigned NOT NULL,
  `med_description` text,
  `med_darken` varchar(255) DEFAULT '',
  `med_gallery_legend` text,
  `med_gallery_title` text,
  `med_gallery_text` text,
  `med_gallery_link_text` text,
  `med_gallery_link` text,
  `med_description_en` text,
  `med_title_en` text,
  `med_gallery_title_en` text,
  `med_gallery_text_en` text,
  `med_gallery_link_text_en` text,
  PRIMARY KEY (`id`),
  KEY `category_id` (`category_id`)
) ENGINE=InnoDB AUTO_INCREMENT=26 DEFAULT CHARSET=utf8;

LOCK TABLES `rex_media` WRITE;
/*!40000 ALTER TABLE `rex_media` DISABLE KEYS */;
INSERT INTO `rex_media` VALUES 
  (1,1,'','image/jpeg','more_forest.jpg','more_forest.jpg','507634',2000,1334,'Wald','2015-12-11 22:57:52','2016-06-01 10:50:56','admin','admin',0,'Nebel zieht auf','','','','','','','Fog is coming up','','','',''),
  (2,2,'','image/jpeg','hazy-field.jpg','hazy-field.jpg','78702',2000,831,'Hazy Field','2015-12-20 16:42:11','2015-12-30 19:27:10','admin','admin',0,'','','','','','','','','','','',''),
  (3,1,'','image/jpeg','mountain_sea.jpg','mountain_sea.jpg','502420',2000,1333,'Mountain Lake','2015-12-20 16:42:11','2016-06-01 10:47:42','admin','admin',0,'Fernweh','','','','','','','Wanderlust','','','',''),
  (4,2,'','image/jpeg','rainy_sea.jpg','rainy_sea.jpg','123961',2000,867,'Rainy Sea','2015-12-20 16:42:11','2015-12-30 19:27:21','admin','admin',0,'','','','','','','','','','','',''),
  (5,2,'','image/jpeg','sky.jpg','sky.jpg','147975',2000,1113,'Sky','2015-12-20 16:42:11','2015-12-30 19:26:57','admin','admin',0,'','','','','','','','','','','',''),
  (6,2,'','image/jpeg','tic-tac-toe.jpg','tic-tac-toe.jpg','192363',2000,681,'Tac Tac Toe','2015-12-20 16:42:11','2016-06-01 21:34:21','admin','admin',0,'','','','','','','','','','','',''),
  (7,3,'','image/jpeg','beach_photograph.jpg','beach_photograph.jpg','337404',1800,1200,'Beach photograph','2015-12-20 16:42:57','2016-05-30 13:01:49','admin','admin',0,'','0.4','','Einfach','Ein Redakteur will ein CMS, das einfach zu bedienen ist. REDAXO bietet die Mittel, um Module und Addons für das jeweilige Projekt in minimaler Zeit maßschneidern zu können. Noch Fragen?','Zum Forum','http://www.redaxo.org/de/forum/','','','Simple','Authors like easy to use CMS. REDAXO brings up tools to quickly develop custom content modules and addons for any kind of project. Any questions?','Join the forum'),
  (8,3,'','image/jpeg','fire.jpg','fire.jpg','369864',1800,1200,'Fire','2015-12-20 16:42:57','2015-12-30 19:25:43','admin','admin',0,'','','','','','','','','','','',''),
  (9,3,'','image/jpeg','fog_mountain.jpg','fog_mountain.jpg','121104',1800,1200,'Fog Mountain','2015-12-20 16:42:57','2016-05-30 12:54:24','admin','admin',0,'','0.4','','Sinnvoll','Das Ziel von REDAXO war es stets, dass man auch die unterschiedlichsten Websites sinnvoll realisieren konnte.','Einige REDAXO-\"Lieblinge\"','http://www.redaxo.org/de/redaxo/lieblinge/','','','Meaningful','The purpose of REDAXO has always been to support developing a whole range of various websites.','Some REDAXO favourites'),
  (10,3,'','image/jpeg','forest.jpg','forest.jpg','284551',2000,1335,'Forest','2015-12-20 16:42:57','2016-06-02 17:08:41','admin','admin',0,'','','','Flexibel','Mit einem Content Management System sollte sollte man nicht nur immer einem bestimmten Weg folgen müssen.','Zur Dokumentation','http://www.redaxo.org/de/doku/','','','Flexible','When using a content management system, you should not be forced to always follow the same direction.','Read the docs'),
  (11,3,'','image/jpeg','road_mountains.jpg','road_mountains.jpg','134819',1000,664,'Road Mountain','2015-12-20 16:42:57','2015-12-30 19:26:07','admin','admin',0,'','','','','','','','','','','',''),
  (12,3,'','image/jpeg','sad-trees.jpg','sad-trees.jpg','144921',1000,669,'Sad Trees','2015-12-20 16:42:57','2015-12-30 19:26:20','admin','admin',0,'','','','','','','','','','','',''),
  (13,3,'','image/jpeg','walking_forest.jpg','walking_forest.jpg','210004',1000,667,'Walking in Forest','2015-12-20 16:42:57','2015-12-30 19:26:36','admin','admin',0,'','','','','','','','','','','',''),
  (14,1,'','image/jpeg','bigforest.jpg','bigforest.jpg','1709323',1920,1280,'Big Forest','2015-12-20 16:43:51','2016-06-01 10:49:55','admin','admin',0,'Endlose Wälder','','','','','','','Endless woods','','','',''),
  (15,1,'','image/jpeg','eagle.jpg','eagle.jpg','430820',2000,1325,'Eagle','2015-12-20 16:43:51','2016-06-01 10:48:22','admin','admin',0,'Auf der Jagd','','','','','','','Hunting','','','',''),
  (16,1,'','image/jpeg','evening_mood.jpg','evening_mood.jpg','259348',2000,1333,'Evening Mood','2015-12-20 16:43:51','2016-06-01 10:49:08','admin','admin',0,'Abendidylle','','','','','','','Idyllic evening scene','','','',''),
  (17,1,'','image/jpeg','manviewingmountains.jpg','manviewingmountains.jpg','244658',1280,853,'Man viewing  mountains','2015-12-20 16:43:51','2016-06-01 10:50:29','admin','admin',0,'Abendidylle','','','','','','','Idyllic evening scene','','','',''),
  (18,1,'','image/jpeg','mountain_mood.jpg','mountain_mood.jpg','188762',2000,1333,'Mountain Mood','2015-12-20 16:43:51','2016-06-01 10:51:06','admin','admin',0,'Über den Bergen','','','','','','','Above the mountains','','','',''),
  (19,1,'','image/jpeg','northern_lights.jpg','northern_lights.jpg','523583',2000,1333,'Northern Lights','2015-12-20 16:43:51','2016-06-01 10:50:05','admin','admin',0,'Nordlicht','','','','','','','Northern lights','','','',''),
  (20,1,'','image/jpeg','standing.jpg','standing.jpg','216853',2000,1333,'Standing','2015-12-20 16:43:51','2016-06-01 10:49:37','admin','admin',0,'Einfach Stille','','','','','','','Just silence','','','',''),
  (21,1,'','image/jpeg','hut_in_the_wood.jpg','hut_in_the_wood.jpg','707193',2000,1146,'Hütte im Wald','2015-12-23 16:51:34','2015-12-23 16:51:34','admin','admin',0,'','','','','','','','','','','',''),
  (22,1,'','image/jpeg','snowy_road.jpg','snowy_road.jpg','732744',2000,1396,'Snowy Road','2015-12-23 16:52:24','2015-12-23 16:52:24','admin','admin',0,'','','','','','','','','','','',''),
  (23,4,'','application/msword','word-testdatei.doc','word-testdatei.doc','22016',0,0,'Word-Testdatei','2015-12-31 13:10:20','2016-05-31 18:26:29','admin','admin',0,'Eine Word-Testdatei','','','','','','','A Word dummy file','','','',''),
  (24,4,'','application/pdf','pdf-testdatei.pdf','pdf-testdatei.pdf','14419',0,0,'PDF-Testdatei','2015-12-31 13:10:48','2016-05-31 18:26:20','admin','admin',0,'Eine PDF-Testdatei','','','','','','','A PDF dummy file','','','',''),
  (25,1,'','image/jpeg','sprachen.jpg','sprachen.jpg','17615',550,370,'Sprachen','2016-06-01 21:08:32','2016-06-01 21:12:40','admin','admin',0,'','','','','','','','','Languages','','','');
/*!40000 ALTER TABLE `rex_media` ENABLE KEYS */;
UNLOCK TABLES;

DROP TABLE IF EXISTS `rex_media_category`;
CREATE TABLE `rex_media_category` (
  `id` int(10) unsigned NOT NULL AUTO_INCREMENT,
  `name` varchar(255) NOT NULL,
  `parent_id` int(10) unsigned NOT NULL,
  `path` varchar(255) NOT NULL,
  `createdate` datetime NOT NULL,
  `updatedate` datetime NOT NULL,
  `createuser` varchar(255) NOT NULL,
  `updateuser` varchar(255) NOT NULL,
  `attributes` text,
  `revision` int(10) unsigned NOT NULL,
  PRIMARY KEY (`id`),
  KEY `parent_id` (`parent_id`)
) ENGINE=InnoDB AUTO_INCREMENT=5 DEFAULT CHARSET=utf8;

LOCK TABLES `rex_media_category` WRITE;
/*!40000 ALTER TABLE `rex_media_category` DISABLE KEYS */;
INSERT INTO `rex_media_category` VALUES 
  (1,'03 . Fotos',0,'|','2015-12-20 16:40:49','2015-12-20 16:40:49','admin','admin','',0),
  (2,'01 . Hintergründe',0,'|','2015-12-20 16:41:04','2015-12-20 16:41:04','admin','admin','',0),
  (3,'02 . Headergalerie',0,'|','2015-12-20 16:41:16','2015-12-20 16:41:16','admin','admin','',0),
  (4,'04 . Downloads',0,'|','2015-12-31 13:09:51','2015-12-31 13:09:51','admin','admin','',0);
/*!40000 ALTER TABLE `rex_media_category` ENABLE KEYS */;
UNLOCK TABLES;

DROP TABLE IF EXISTS `rex_media_manager_type`;
CREATE TABLE `rex_media_manager_type` (
  `id` int(10) unsigned NOT NULL AUTO_INCREMENT,
  `status` int(10) unsigned NOT NULL,
  `name` varchar(255) NOT NULL,
  `description` varchar(255) NOT NULL,
  PRIMARY KEY (`id`),
  UNIQUE KEY `name` (`name`)
) ENGINE=InnoDB AUTO_INCREMENT=9 DEFAULT CHARSET=utf8;

LOCK TABLES `rex_media_manager_type` WRITE;
/*!40000 ALTER TABLE `rex_media_manager_type` DISABLE KEYS */;
INSERT INTO `rex_media_manager_type` VALUES 
  (1,1,'rex_mediapool_detail','Zur Darstellung von Bildern in der Detailansicht im Medienpool'),
  (2,1,'rex_mediapool_maximized','Zur Darstellung von Bildern im Medienpool wenn maximiert'),
  (3,1,'rex_mediapool_preview','Zur Darstellung der Vorschaubilder im Medienpool'),
  (4,1,'rex_mediabutton_preview','Zur Darstellung der Vorschaubilder in REX_MEDIA_BUTTON[]s'),
  (5,1,'rex_medialistbutton_preview','Zur Darstellung der Vorschaubilder in REX_MEDIALIST_BUTTON[]s'),
  (6,0,'full','900px breit'),
  (7,0,'content','720px * 480px'),
  (8,0,'photos','640px * 450px');
/*!40000 ALTER TABLE `rex_media_manager_type` ENABLE KEYS */;
UNLOCK TABLES;

DROP TABLE IF EXISTS `rex_media_manager_type_effect`;
CREATE TABLE `rex_media_manager_type_effect` (
  `id` int(10) unsigned NOT NULL AUTO_INCREMENT,
  `type_id` int(10) unsigned NOT NULL,
  `effect` varchar(255) NOT NULL,
  `parameters` text NOT NULL,
  `priority` int(10) unsigned NOT NULL,
  `updatedate` datetime NOT NULL,
  `updateuser` varchar(255) NOT NULL,
  `createdate` datetime NOT NULL,
  `createuser` varchar(255) NOT NULL,
  PRIMARY KEY (`id`)
) ENGINE=InnoDB AUTO_INCREMENT=12 DEFAULT CHARSET=utf8;

LOCK TABLES `rex_media_manager_type_effect` WRITE;
/*!40000 ALTER TABLE `rex_media_manager_type_effect` DISABLE KEYS */;
INSERT INTO `rex_media_manager_type_effect` VALUES 
  (1,1,'resize','{\"rex_effect_crop\":{\"rex_effect_crop_width\":\"\",\"rex_effect_crop_height\":\"\",\"rex_effect_crop_offset_width\":\"\",\"rex_effect_crop_offset_height\":\"\",\"rex_effect_crop_hpos\":\"center\",\"rex_effect_crop_vpos\":\"middle\"},\"rex_effect_filter_blur\":{\"rex_effect_filter_blur_amount\":\"80\",\"rex_effect_filter_blur_radius\":\"8\",\"rex_effect_filter_blur_threshold\":\"3\"},\"rex_effect_filter_sharpen\":{\"rex_effect_filter_sharpen_amount\":\"80\",\"rex_effect_filter_sharpen_radius\":\"0.5\",\"rex_effect_filter_sharpen_threshold\":\"3\"},\"rex_effect_flip\":{\"rex_effect_flip_flip\":\"X\"},\"rex_effect_header\":{\"rex_effect_header_download\":\"open_media\",\"rex_effect_header_cache\":\"no_cache\"},\"rex_effect_insert_image\":{\"rex_effect_insert_image_brandimage\":\"\",\"rex_effect_insert_image_hpos\":\"left\",\"rex_effect_insert_image_vpos\":\"top\",\"rex_effect_insert_image_padding_x\":\"-10\",\"rex_effect_insert_image_padding_y\":\"-10\"},\"rex_effect_mediapath\":{\"rex_effect_mediapath_mediapath\":\"\"},\"rex_effect_mirror\":{\"rex_effect_mirror_height\":\"\",\"rex_effect_mirror_set_transparent\":\"colored\",\"rex_effect_mirror_bg_r\":\"\",\"rex_effect_mirror_bg_g\":\"\",\"rex_effect_mirror_bg_b\":\"\"},\"rex_effect_resize\":{\"rex_effect_resize_width\":\"200\",\"rex_effect_resize_height\":\"200\",\"rex_effect_resize_style\":\"maximum\",\"rex_effect_resize_allow_enlarge\":\"not_enlarge\"},\"rex_effect_workspace\":{\"rex_effect_workspace_width\":\"\",\"rex_effect_workspace_height\":\"\",\"rex_effect_workspace_hpos\":\"left\",\"rex_effect_workspace_vpos\":\"top\",\"rex_effect_workspace_set_transparent\":\"colored\",\"rex_effect_workspace_bg_r\":\"\",\"rex_effect_workspace_bg_g\":\"\",\"rex_effect_workspace_bg_b\":\"\"}}',1,'0000-00-00 00:00:00','','0000-00-00 00:00:00',''),
  (2,2,'resize','{\"rex_effect_crop\":{\"rex_effect_crop_width\":\"\",\"rex_effect_crop_height\":\"\",\"rex_effect_crop_offset_width\":\"\",\"rex_effect_crop_offset_height\":\"\",\"rex_effect_crop_hpos\":\"center\",\"rex_effect_crop_vpos\":\"middle\"},\"rex_effect_filter_blur\":{\"rex_effect_filter_blur_amount\":\"80\",\"rex_effect_filter_blur_radius\":\"8\",\"rex_effect_filter_blur_threshold\":\"3\"},\"rex_effect_filter_sharpen\":{\"rex_effect_filter_sharpen_amount\":\"80\",\"rex_effect_filter_sharpen_radius\":\"0.5\",\"rex_effect_filter_sharpen_threshold\":\"3\"},\"rex_effect_flip\":{\"rex_effect_flip_flip\":\"X\"},\"rex_effect_header\":{\"rex_effect_header_download\":\"open_media\",\"rex_effect_header_cache\":\"no_cache\"},\"rex_effect_insert_image\":{\"rex_effect_insert_image_brandimage\":\"\",\"rex_effect_insert_image_hpos\":\"left\",\"rex_effect_insert_image_vpos\":\"top\",\"rex_effect_insert_image_padding_x\":\"-10\",\"rex_effect_insert_image_padding_y\":\"-10\"},\"rex_effect_mediapath\":{\"rex_effect_mediapath_mediapath\":\"\"},\"rex_effect_mirror\":{\"rex_effect_mirror_height\":\"\",\"rex_effect_mirror_set_transparent\":\"colored\",\"rex_effect_mirror_bg_r\":\"\",\"rex_effect_mirror_bg_g\":\"\",\"rex_effect_mirror_bg_b\":\"\"},\"rex_effect_resize\":{\"rex_effect_resize_width\":\"600\",\"rex_effect_resize_height\":\"600\",\"rex_effect_resize_style\":\"maximum\",\"rex_effect_resize_allow_enlarge\":\"not_enlarge\"},\"rex_effect_workspace\":{\"rex_effect_workspace_width\":\"\",\"rex_effect_workspace_height\":\"\",\"rex_effect_workspace_hpos\":\"left\",\"rex_effect_workspace_vpos\":\"top\",\"rex_effect_workspace_set_transparent\":\"colored\",\"rex_effect_workspace_bg_r\":\"\",\"rex_effect_workspace_bg_g\":\"\",\"rex_effect_workspace_bg_b\":\"\"}}',1,'0000-00-00 00:00:00','','0000-00-00 00:00:00',''),
  (3,3,'resize','{\"rex_effect_crop\":{\"rex_effect_crop_width\":\"\",\"rex_effect_crop_height\":\"\",\"rex_effect_crop_offset_width\":\"\",\"rex_effect_crop_offset_height\":\"\",\"rex_effect_crop_hpos\":\"center\",\"rex_effect_crop_vpos\":\"middle\"},\"rex_effect_filter_blur\":{\"rex_effect_filter_blur_amount\":\"80\",\"rex_effect_filter_blur_radius\":\"8\",\"rex_effect_filter_blur_threshold\":\"3\"},\"rex_effect_filter_sharpen\":{\"rex_effect_filter_sharpen_amount\":\"80\",\"rex_effect_filter_sharpen_radius\":\"0.5\",\"rex_effect_filter_sharpen_threshold\":\"3\"},\"rex_effect_flip\":{\"rex_effect_flip_flip\":\"X\"},\"rex_effect_header\":{\"rex_effect_header_download\":\"open_media\",\"rex_effect_header_cache\":\"no_cache\"},\"rex_effect_insert_image\":{\"rex_effect_insert_image_brandimage\":\"\",\"rex_effect_insert_image_hpos\":\"left\",\"rex_effect_insert_image_vpos\":\"top\",\"rex_effect_insert_image_padding_x\":\"-10\",\"rex_effect_insert_image_padding_y\":\"-10\"},\"rex_effect_mediapath\":{\"rex_effect_mediapath_mediapath\":\"\"},\"rex_effect_mirror\":{\"rex_effect_mirror_height\":\"\",\"rex_effect_mirror_set_transparent\":\"colored\",\"rex_effect_mirror_bg_r\":\"\",\"rex_effect_mirror_bg_g\":\"\",\"rex_effect_mirror_bg_b\":\"\"},\"rex_effect_resize\":{\"rex_effect_resize_width\":\"80\",\"rex_effect_resize_height\":\"80\",\"rex_effect_resize_style\":\"maximum\",\"rex_effect_resize_allow_enlarge\":\"not_enlarge\"},\"rex_effect_workspace\":{\"rex_effect_workspace_width\":\"\",\"rex_effect_workspace_height\":\"\",\"rex_effect_workspace_hpos\":\"left\",\"rex_effect_workspace_vpos\":\"top\",\"rex_effect_workspace_set_transparent\":\"colored\",\"rex_effect_workspace_bg_r\":\"\",\"rex_effect_workspace_bg_g\":\"\",\"rex_effect_workspace_bg_b\":\"\"}}',1,'0000-00-00 00:00:00','','0000-00-00 00:00:00',''),
  (4,4,'resize','{\"rex_effect_crop\":{\"rex_effect_crop_width\":\"\",\"rex_effect_crop_height\":\"\",\"rex_effect_crop_offset_width\":\"\",\"rex_effect_crop_offset_height\":\"\",\"rex_effect_crop_hpos\":\"center\",\"rex_effect_crop_vpos\":\"middle\"},\"rex_effect_filter_blur\":{\"rex_effect_filter_blur_amount\":\"80\",\"rex_effect_filter_blur_radius\":\"8\",\"rex_effect_filter_blur_threshold\":\"3\"},\"rex_effect_filter_sharpen\":{\"rex_effect_filter_sharpen_amount\":\"80\",\"rex_effect_filter_sharpen_radius\":\"0.5\",\"rex_effect_filter_sharpen_threshold\":\"3\"},\"rex_effect_flip\":{\"rex_effect_flip_flip\":\"X\"},\"rex_effect_header\":{\"rex_effect_header_download\":\"open_media\",\"rex_effect_header_cache\":\"no_cache\"},\"rex_effect_insert_image\":{\"rex_effect_insert_image_brandimage\":\"\",\"rex_effect_insert_image_hpos\":\"left\",\"rex_effect_insert_image_vpos\":\"top\",\"rex_effect_insert_image_padding_x\":\"-10\",\"rex_effect_insert_image_padding_y\":\"-10\"},\"rex_effect_mediapath\":{\"rex_effect_mediapath_mediapath\":\"\"},\"rex_effect_mirror\":{\"rex_effect_mirror_height\":\"\",\"rex_effect_mirror_set_transparent\":\"colored\",\"rex_effect_mirror_bg_r\":\"\",\"rex_effect_mirror_bg_g\":\"\",\"rex_effect_mirror_bg_b\":\"\"},\"rex_effect_resize\":{\"rex_effect_resize_width\":\"246\",\"rex_effect_resize_height\":\"246\",\"rex_effect_resize_style\":\"maximum\",\"rex_effect_resize_allow_enlarge\":\"not_enlarge\"},\"rex_effect_workspace\":{\"rex_effect_workspace_width\":\"\",\"rex_effect_workspace_height\":\"\",\"rex_effect_workspace_hpos\":\"left\",\"rex_effect_workspace_vpos\":\"top\",\"rex_effect_workspace_set_transparent\":\"colored\",\"rex_effect_workspace_bg_r\":\"\",\"rex_effect_workspace_bg_g\":\"\",\"rex_effect_workspace_bg_b\":\"\"}}',1,'0000-00-00 00:00:00','','0000-00-00 00:00:00',''),
  (5,5,'resize','{\"rex_effect_crop\":{\"rex_effect_crop_width\":\"\",\"rex_effect_crop_height\":\"\",\"rex_effect_crop_offset_width\":\"\",\"rex_effect_crop_offset_height\":\"\",\"rex_effect_crop_hpos\":\"center\",\"rex_effect_crop_vpos\":\"middle\"},\"rex_effect_filter_blur\":{\"rex_effect_filter_blur_amount\":\"80\",\"rex_effect_filter_blur_radius\":\"8\",\"rex_effect_filter_blur_threshold\":\"3\"},\"rex_effect_filter_sharpen\":{\"rex_effect_filter_sharpen_amount\":\"80\",\"rex_effect_filter_sharpen_radius\":\"0.5\",\"rex_effect_filter_sharpen_threshold\":\"3\"},\"rex_effect_flip\":{\"rex_effect_flip_flip\":\"X\"},\"rex_effect_header\":{\"rex_effect_header_download\":\"open_media\",\"rex_effect_header_cache\":\"no_cache\"},\"rex_effect_insert_image\":{\"rex_effect_insert_image_brandimage\":\"\",\"rex_effect_insert_image_hpos\":\"left\",\"rex_effect_insert_image_vpos\":\"top\",\"rex_effect_insert_image_padding_x\":\"-10\",\"rex_effect_insert_image_padding_y\":\"-10\"},\"rex_effect_mediapath\":{\"rex_effect_mediapath_mediapath\":\"\"},\"rex_effect_mirror\":{\"rex_effect_mirror_height\":\"\",\"rex_effect_mirror_set_transparent\":\"colored\",\"rex_effect_mirror_bg_r\":\"\",\"rex_effect_mirror_bg_g\":\"\",\"rex_effect_mirror_bg_b\":\"\"},\"rex_effect_resize\":{\"rex_effect_resize_width\":\"246\",\"rex_effect_resize_height\":\"246\",\"rex_effect_resize_style\":\"maximum\",\"rex_effect_resize_allow_enlarge\":\"not_enlarge\"},\"rex_effect_workspace\":{\"rex_effect_workspace_width\":\"\",\"rex_effect_workspace_height\":\"\",\"rex_effect_workspace_hpos\":\"left\",\"rex_effect_workspace_vpos\":\"top\",\"rex_effect_workspace_set_transparent\":\"colored\",\"rex_effect_workspace_bg_r\":\"\",\"rex_effect_workspace_bg_g\":\"\",\"rex_effect_workspace_bg_b\":\"\"}}',1,'0000-00-00 00:00:00','','0000-00-00 00:00:00',''),
  (6,6,'resize','{\"rex_effect_crop\":{\"rex_effect_crop_width\":\"\",\"rex_effect_crop_height\":\"\",\"rex_effect_crop_offset_width\":\"\",\"rex_effect_crop_offset_height\":\"\",\"rex_effect_crop_hpos\":\"center\",\"rex_effect_crop_vpos\":\"middle\"},\"rex_effect_filter_blur\":{\"rex_effect_filter_blur_repeats\":\"10\",\"rex_effect_filter_blur_type\":\"gaussian\",\"rex_effect_filter_blur_smoothit\":\"\"},\"rex_effect_filter_sharpen\":{\"rex_effect_filter_sharpen_amount\":\"80\",\"rex_effect_filter_sharpen_radius\":\"0.5\",\"rex_effect_filter_sharpen_threshold\":\"3\"},\"rex_effect_flip\":{\"rex_effect_flip_flip\":\"X\"},\"rex_effect_header\":{\"rex_effect_header_download\":\"open_media\",\"rex_effect_header_cache\":\"no_cache\"},\"rex_effect_insert_image\":{\"rex_effect_insert_image_brandimage\":\"\",\"rex_effect_insert_image_hpos\":\"left\",\"rex_effect_insert_image_vpos\":\"top\",\"rex_effect_insert_image_padding_x\":\"-10\",\"rex_effect_insert_image_padding_y\":\"-10\"},\"rex_effect_mediapath\":{\"rex_effect_mediapath_mediapath\":\"\"},\"rex_effect_mirror\":{\"rex_effect_mirror_height\":\"\",\"rex_effect_mirror_set_transparent\":\"colored\",\"rex_effect_mirror_bg_r\":\"\",\"rex_effect_mirror_bg_g\":\"\",\"rex_effect_mirror_bg_b\":\"\"},\"rex_effect_resize\":{\"rex_effect_resize_width\":\"900\",\"rex_effect_resize_height\":\"\",\"rex_effect_resize_style\":\"maximum\",\"rex_effect_resize_allow_enlarge\":\"not_enlarge\"},\"rex_effect_rounded_corners\":{\"rex_effect_rounded_corners_topleft\":\"\",\"rex_effect_rounded_corners_topright\":\"\",\"rex_effect_rounded_corners_bottomleft\":\"\",\"rex_effect_rounded_corners_bottomright\":\"\"},\"rex_effect_workspace\":{\"rex_effect_workspace_width\":\"\",\"rex_effect_workspace_height\":\"\",\"rex_effect_workspace_hpos\":\"left\",\"rex_effect_workspace_vpos\":\"top\",\"rex_effect_workspace_set_transparent\":\"colored\",\"rex_effect_workspace_bg_r\":\"\",\"rex_effect_workspace_bg_g\":\"\",\"rex_effect_workspace_bg_b\":\"\"}}',1,'2015-12-19 18:40:25','admin','2015-12-19 18:40:25','admin'),
  (8,7,'resize','{\"rex_effect_crop\":{\"rex_effect_crop_width\":\"\",\"rex_effect_crop_height\":\"\",\"rex_effect_crop_offset_width\":\"\",\"rex_effect_crop_offset_height\":\"\",\"rex_effect_crop_hpos\":\"center\",\"rex_effect_crop_vpos\":\"middle\"},\"rex_effect_filter_blur\":{\"rex_effect_filter_blur_repeats\":\"10\",\"rex_effect_filter_blur_type\":\"gaussian\",\"rex_effect_filter_blur_smoothit\":\"\"},\"rex_effect_filter_sharpen\":{\"rex_effect_filter_sharpen_amount\":\"80\",\"rex_effect_filter_sharpen_radius\":\"0.5\",\"rex_effect_filter_sharpen_threshold\":\"3\"},\"rex_effect_flip\":{\"rex_effect_flip_flip\":\"X\"},\"rex_effect_header\":{\"rex_effect_header_download\":\"open_media\",\"rex_effect_header_cache\":\"no_cache\"},\"rex_effect_insert_image\":{\"rex_effect_insert_image_brandimage\":\"\",\"rex_effect_insert_image_hpos\":\"left\",\"rex_effect_insert_image_vpos\":\"top\",\"rex_effect_insert_image_padding_x\":\"-10\",\"rex_effect_insert_image_padding_y\":\"-10\"},\"rex_effect_mediapath\":{\"rex_effect_mediapath_mediapath\":\"\"},\"rex_effect_mirror\":{\"rex_effect_mirror_height\":\"\",\"rex_effect_mirror_set_transparent\":\"colored\",\"rex_effect_mirror_bg_r\":\"\",\"rex_effect_mirror_bg_g\":\"\",\"rex_effect_mirror_bg_b\":\"\"},\"rex_effect_resize\":{\"rex_effect_resize_width\":\"720\",\"rex_effect_resize_height\":\"480\",\"rex_effect_resize_style\":\"minimum\",\"rex_effect_resize_allow_enlarge\":\"enlarge\"},\"rex_effect_rounded_corners\":{\"rex_effect_rounded_corners_topleft\":\"\",\"rex_effect_rounded_corners_topright\":\"\",\"rex_effect_rounded_corners_bottomleft\":\"\",\"rex_effect_rounded_corners_bottomright\":\"\"},\"rex_effect_workspace\":{\"rex_effect_workspace_width\":\"\",\"rex_effect_workspace_height\":\"\",\"rex_effect_workspace_hpos\":\"left\",\"rex_effect_workspace_vpos\":\"top\",\"rex_effect_workspace_set_transparent\":\"colored\",\"rex_effect_workspace_bg_r\":\"\",\"rex_effect_workspace_bg_g\":\"\",\"rex_effect_workspace_bg_b\":\"\"}}',1,'2015-12-20 17:00:55','admin','2015-12-20 17:00:55','admin'),
  (9,7,'crop','{\"rex_effect_crop\":{\"rex_effect_crop_width\":\"720\",\"rex_effect_crop_height\":\"480\",\"rex_effect_crop_offset_width\":\"\",\"rex_effect_crop_offset_height\":\"\",\"rex_effect_crop_hpos\":\"center\",\"rex_effect_crop_vpos\":\"middle\"},\"rex_effect_filter_blur\":{\"rex_effect_filter_blur_repeats\":\"10\",\"rex_effect_filter_blur_type\":\"gaussian\",\"rex_effect_filter_blur_smoothit\":\"\"},\"rex_effect_filter_sharpen\":{\"rex_effect_filter_sharpen_amount\":\"80\",\"rex_effect_filter_sharpen_radius\":\"0.5\",\"rex_effect_filter_sharpen_threshold\":\"3\"},\"rex_effect_flip\":{\"rex_effect_flip_flip\":\"X\"},\"rex_effect_header\":{\"rex_effect_header_download\":\"open_media\",\"rex_effect_header_cache\":\"no_cache\"},\"rex_effect_insert_image\":{\"rex_effect_insert_image_brandimage\":\"\",\"rex_effect_insert_image_hpos\":\"left\",\"rex_effect_insert_image_vpos\":\"top\",\"rex_effect_insert_image_padding_x\":\"-10\",\"rex_effect_insert_image_padding_y\":\"-10\"},\"rex_effect_mediapath\":{\"rex_effect_mediapath_mediapath\":\"\"},\"rex_effect_mirror\":{\"rex_effect_mirror_height\":\"\",\"rex_effect_mirror_set_transparent\":\"colored\",\"rex_effect_mirror_bg_r\":\"\",\"rex_effect_mirror_bg_g\":\"\",\"rex_effect_mirror_bg_b\":\"\"},\"rex_effect_resize\":{\"rex_effect_resize_width\":\"\",\"rex_effect_resize_height\":\"\",\"rex_effect_resize_style\":\"maximum\",\"rex_effect_resize_allow_enlarge\":\"enlarge\"},\"rex_effect_rounded_corners\":{\"rex_effect_rounded_corners_topleft\":\"\",\"rex_effect_rounded_corners_topright\":\"\",\"rex_effect_rounded_corners_bottomleft\":\"\",\"rex_effect_rounded_corners_bottomright\":\"\"},\"rex_effect_workspace\":{\"rex_effect_workspace_width\":\"\",\"rex_effect_workspace_height\":\"\",\"rex_effect_workspace_hpos\":\"left\",\"rex_effect_workspace_vpos\":\"top\",\"rex_effect_workspace_set_transparent\":\"colored\",\"rex_effect_workspace_bg_r\":\"\",\"rex_effect_workspace_bg_g\":\"\",\"rex_effect_workspace_bg_b\":\"\"}}',2,'2015-12-20 17:01:08','admin','2015-12-20 17:01:08','admin'),
  (10,8,'resize','{\"rex_effect_crop\":{\"rex_effect_crop_width\":\"\",\"rex_effect_crop_height\":\"\",\"rex_effect_crop_offset_width\":\"\",\"rex_effect_crop_offset_height\":\"\",\"rex_effect_crop_hpos\":\"center\",\"rex_effect_crop_vpos\":\"middle\"},\"rex_effect_filter_blur\":{\"rex_effect_filter_blur_repeats\":\"10\",\"rex_effect_filter_blur_type\":\"gaussian\",\"rex_effect_filter_blur_smoothit\":\"\"},\"rex_effect_filter_sharpen\":{\"rex_effect_filter_sharpen_amount\":\"80\",\"rex_effect_filter_sharpen_radius\":\"0.5\",\"rex_effect_filter_sharpen_threshold\":\"3\"},\"rex_effect_flip\":{\"rex_effect_flip_flip\":\"X\"},\"rex_effect_header\":{\"rex_effect_header_download\":\"open_media\",\"rex_effect_header_cache\":\"no_cache\"},\"rex_effect_insert_image\":{\"rex_effect_insert_image_brandimage\":\"\",\"rex_effect_insert_image_hpos\":\"left\",\"rex_effect_insert_image_vpos\":\"top\",\"rex_effect_insert_image_padding_x\":\"-10\",\"rex_effect_insert_image_padding_y\":\"-10\"},\"rex_effect_mediapath\":{\"rex_effect_mediapath_mediapath\":\"\"},\"rex_effect_mirror\":{\"rex_effect_mirror_height\":\"\",\"rex_effect_mirror_set_transparent\":\"colored\",\"rex_effect_mirror_bg_r\":\"\",\"rex_effect_mirror_bg_g\":\"\",\"rex_effect_mirror_bg_b\":\"\"},\"rex_effect_resize\":{\"rex_effect_resize_width\":\"640\",\"rex_effect_resize_height\":\"450\",\"rex_effect_resize_style\":\"minimum\",\"rex_effect_resize_allow_enlarge\":\"enlarge\"},\"rex_effect_rounded_corners\":{\"rex_effect_rounded_corners_topleft\":\"\",\"rex_effect_rounded_corners_topright\":\"\",\"rex_effect_rounded_corners_bottomleft\":\"\",\"rex_effect_rounded_corners_bottomright\":\"\"},\"rex_effect_workspace\":{\"rex_effect_workspace_width\":\"\",\"rex_effect_workspace_height\":\"\",\"rex_effect_workspace_hpos\":\"left\",\"rex_effect_workspace_vpos\":\"top\",\"rex_effect_workspace_set_transparent\":\"colored\",\"rex_effect_workspace_bg_r\":\"\",\"rex_effect_workspace_bg_g\":\"\",\"rex_effect_workspace_bg_b\":\"\"}}',1,'2015-12-20 20:50:18','admin','2015-12-20 18:39:04','admin'),
  (11,8,'crop','{\"rex_effect_crop\":{\"rex_effect_crop_width\":\"640\",\"rex_effect_crop_height\":\"450\",\"rex_effect_crop_offset_width\":\"\",\"rex_effect_crop_offset_height\":\"\",\"rex_effect_crop_hpos\":\"center\",\"rex_effect_crop_vpos\":\"middle\"},\"rex_effect_filter_blur\":{\"rex_effect_filter_blur_repeats\":\"10\",\"rex_effect_filter_blur_type\":\"gaussian\",\"rex_effect_filter_blur_smoothit\":\"\"},\"rex_effect_filter_sharpen\":{\"rex_effect_filter_sharpen_amount\":\"80\",\"rex_effect_filter_sharpen_radius\":\"0.5\",\"rex_effect_filter_sharpen_threshold\":\"3\"},\"rex_effect_flip\":{\"rex_effect_flip_flip\":\"X\"},\"rex_effect_header\":{\"rex_effect_header_download\":\"open_media\",\"rex_effect_header_cache\":\"no_cache\"},\"rex_effect_insert_image\":{\"rex_effect_insert_image_brandimage\":\"\",\"rex_effect_insert_image_hpos\":\"left\",\"rex_effect_insert_image_vpos\":\"top\",\"rex_effect_insert_image_padding_x\":\"-10\",\"rex_effect_insert_image_padding_y\":\"-10\"},\"rex_effect_mediapath\":{\"rex_effect_mediapath_mediapath\":\"\"},\"rex_effect_mirror\":{\"rex_effect_mirror_height\":\"\",\"rex_effect_mirror_set_transparent\":\"colored\",\"rex_effect_mirror_bg_r\":\"\",\"rex_effect_mirror_bg_g\":\"\",\"rex_effect_mirror_bg_b\":\"\"},\"rex_effect_resize\":{\"rex_effect_resize_width\":\"\",\"rex_effect_resize_height\":\"\",\"rex_effect_resize_style\":\"maximum\",\"rex_effect_resize_allow_enlarge\":\"enlarge\"},\"rex_effect_rounded_corners\":{\"rex_effect_rounded_corners_topleft\":\"\",\"rex_effect_rounded_corners_topright\":\"\",\"rex_effect_rounded_corners_bottomleft\":\"\",\"rex_effect_rounded_corners_bottomright\":\"\"},\"rex_effect_workspace\":{\"rex_effect_workspace_width\":\"\",\"rex_effect_workspace_height\":\"\",\"rex_effect_workspace_hpos\":\"left\",\"rex_effect_workspace_vpos\":\"top\",\"rex_effect_workspace_set_transparent\":\"colored\",\"rex_effect_workspace_bg_r\":\"\",\"rex_effect_workspace_bg_g\":\"\",\"rex_effect_workspace_bg_b\":\"\"}}',2,'2015-12-20 20:50:29','admin','2015-12-20 18:39:17','admin');
/*!40000 ALTER TABLE `rex_media_manager_type_effect` ENABLE KEYS */;
UNLOCK TABLES;

DROP TABLE IF EXISTS `rex_metainfo_field`;
CREATE TABLE `rex_metainfo_field` (
  `id` int(10) unsigned NOT NULL AUTO_INCREMENT,
  `title` varchar(255) DEFAULT NULL,
  `name` varchar(255) DEFAULT NULL,
  `priority` int(10) unsigned NOT NULL,
  `attributes` text NOT NULL,
  `type_id` int(10) unsigned DEFAULT NULL,
  `default` varchar(255) NOT NULL,
  `params` text,
  `validate` text,
  `callback` text,
  `restrictions` text,
  `createuser` varchar(255) NOT NULL,
  `createdate` datetime NOT NULL,
  `updateuser` varchar(255) NOT NULL,
  `updatedate` datetime NOT NULL,
  PRIMARY KEY (`id`),
  UNIQUE KEY `name` (`name`)
) ENGINE=InnoDB AUTO_INCREMENT=30 DEFAULT CHARSET=utf8;

LOCK TABLES `rex_metainfo_field` WRITE;
/*!40000 ALTER TABLE `rex_metainfo_field` DISABLE KEYS */;
INSERT INTO `rex_metainfo_field` VALUES 
  (1,'Beschreibung: de','med_description',2,'',2,'','','','','','','0000-00-00 00:00:00','admin','2016-05-30 12:16:23'),
  (2,'Abdunkelung','med_darken',5,'',3,'',':35% (default)|0:0%|0.1:10%|0.2:20%|0.3:30%|0.4:40%|0.5:50%|0.6:60%|0.7:70%|0.8:80%|0.9:90%','','','|3|','','0000-00-00 00:00:00','admin','2015-12-20 21:40:46'),
  (3,'translate:online_from','art_online_from',4,'',10,'','','','','','','0000-00-00 00:00:00','','0000-00-00 00:00:00'),
  (4,'translate:online_to','art_online_to',5,'',10,'','','','','','','0000-00-00 00:00:00','','0000-00-00 00:00:00'),
  (7,'Headerfoto','art_file',6,'',6,'','preview=1','','','','','0000-00-00 00:00:00','admin','2015-12-22 01:14:55'),
  (10,'Abdunkelung','art_darken',7,'',3,'',':35% (default)|0:0%|0.1:10%|0.2:20%|0.3:30%|0.4:40%|0.5:50%|0.6:60%|0.7:70%|0.8:80%|0.9:90%','','','','admin','2015-12-12 00:05:47','admin','2015-12-12 00:05:47'),
  (11,'Galerie','med_gallery_legend',4,'',12,'','','','','|3|','admin','2015-12-20 21:39:52','admin','2015-12-20 21:39:52'),
  (12,'Titel für Galerie: de','med_gallery_title',6,'',1,'','','','','|3|','admin','2015-12-20 21:41:25','admin','2016-05-30 12:14:03'),
  (13,'Text für Galerie: de','med_gallery_text',8,'',2,'','','','','|3|','admin','2015-12-20 21:42:02','admin','2016-05-30 12:23:45'),
  (14,'Linktext: de','med_gallery_link_text',10,'',1,'','','','','|3|','admin','2015-12-20 21:42:37','admin','2016-05-30 12:21:14'),
  (15,'Externer Link (mit http://)','med_gallery_link',12,'',1,'','','','','|3|1|','admin','2015-12-20 21:43:08','admin','2016-01-15 10:55:50'),
  (16,'Galerie','art_gallery',8,'',7,'','category=3 preview=1','','','','admin','2015-12-22 01:14:45','admin','2015-12-22 01:14:45'),
  (17,'Teaserbild','cat_pic',2,'',6,'','preview=1','','','','admin','2015-12-31 00:02:46','admin','2015-12-31 00:02:46'),
  (18,'Teasertext: de','cat_description',3,'',2,'','','','','','admin','2015-12-31 00:03:11','admin','2016-05-30 19:35:07'),
  (19,'Teaser','cat_teaser_legend',1,'',12,'','','','','','admin','2015-12-31 00:03:37','admin','2015-12-31 00:03:37'),
  (20,'Meta-Tag Beschreibung','art_description',3,'',2,'','','','','','admin','2016-01-06 13:37:32','admin','2016-01-06 13:37:32'),
  (21,'Meta-Tag Keywords','art_keywords',2,'',1,'','','','','','admin','2016-01-06 13:37:53','admin','2016-01-06 13:37:53'),
  (22,'Individueller Title-Tag','art_title',1,'',1,'','','','','','admin','2016-01-15 11:27:28','admin','2016-01-15 11:27:28'),
  (23,'Beschreibung en','med_description_en',3,'',2,'','','','','','admin','2016-05-30 12:13:16','admin','2016-05-30 12:13:16'),
  (24,'Titel en','med_title_en',1,'',1,'','','','','','admin','2016-05-30 12:13:41','admin','2016-05-30 12:13:41'),
  (25,'Titel für Galerie: en','med_gallery_title_en',7,'',1,'','','','','|3|','admin','2016-05-30 12:15:04','admin','2016-05-30 12:17:20'),
  (26,'Text für Galerie: en','med_gallery_text_en',9,'',2,'','','','','|3|','admin','2016-05-30 12:17:09','admin','2016-05-30 12:17:09'),
  (27,'Linktext: en','med_gallery_link_text_en',11,'',1,'','','','','|3|','admin','2016-05-30 12:22:04','admin','2016-05-30 12:23:39'),
  (29,'setlocale','clang_setlocale',1,'',1,'','','','','','admin','2016-05-30 21:45:17','admin','2016-05-30 21:45:17');
/*!40000 ALTER TABLE `rex_metainfo_field` ENABLE KEYS */;
UNLOCK TABLES;

DROP TABLE IF EXISTS `rex_metainfo_type`;
CREATE TABLE `rex_metainfo_type` (
  `id` int(10) unsigned NOT NULL AUTO_INCREMENT,
  `label` varchar(255) DEFAULT NULL,
  `dbtype` varchar(255) NOT NULL,
  `dblength` int(11) NOT NULL,
  PRIMARY KEY (`id`)
) ENGINE=InnoDB AUTO_INCREMENT=14 DEFAULT CHARSET=utf8;

LOCK TABLES `rex_metainfo_type` WRITE;
/*!40000 ALTER TABLE `rex_metainfo_type` DISABLE KEYS */;
INSERT INTO `rex_metainfo_type` VALUES 
  (1,'text','text',0),
  (2,'textarea','text',0),
  (3,'select','varchar',255),
  (4,'radio','varchar',255),
  (5,'checkbox','varchar',255),
  (6,'REX_MEDIA_WIDGET','varchar',255),
  (7,'REX_MEDIALIST_WIDGET','text',0),
  (8,'REX_LINK_WIDGET','varchar',255),
  (9,'REX_LINKLIST_WIDGET','text',0),
  (10,'date','text',0),
  (11,'datetime','text',0),
  (12,'legend','text',0),
  (13,'time','text',0);
/*!40000 ALTER TABLE `rex_metainfo_type` ENABLE KEYS */;
UNLOCK TABLES;

DROP TABLE IF EXISTS `rex_module`;
CREATE TABLE `rex_module` (
  `id` int(10) unsigned NOT NULL AUTO_INCREMENT,
  `name` varchar(255) NOT NULL,
  `output` text NOT NULL,
  `input` text NOT NULL,
  `createuser` varchar(255) NOT NULL,
  `updateuser` varchar(255) NOT NULL,
  `createdate` datetime NOT NULL,
  `updatedate` datetime NOT NULL,
  `attributes` text,
  `revision` int(10) unsigned NOT NULL,
  PRIMARY KEY (`id`)
) ENGINE=InnoDB AUTO_INCREMENT=19 DEFAULT CHARSET=utf8;

LOCK TABLES `rex_module` WRITE;
/*!40000 ALTER TABLE `rex_module` DISABLE KEYS */;
INSERT INTO `rex_module` VALUES 
  (1,'01 . Titel / Intro','<?php\r\n// Is there a Headline?\r\nif (\"REX_VALUE[1]\" != \'\') {\r\n\r\n	// If template with one column, use Bootstrap-CSS-class .container to enable indent\r\n	?>\r\n	<div class=\"<?php if ($this->getTemplateId() == 1) echo \'container clearfix \'; ?>mtb\">\r\n		<div class=\"row\">\r\n			<div class=\"<?php if ($this->getTemplateId() == 1) echo \'col-lg-8 col-lg-offset-2 \'; ?>centered\">\r\n				<h2>REX_VALUE[1]</h2>\r\n				<br>\r\n				<div class=\"hline\"></div>\r\n			</div>\r\n		</div>\r\n	</div><! --/container -->\r\n<?php } ?>\r\n','<!-- *******************************************************\r\nTitel / Intro\r\n******************************************************** -->\r\n\r\n<fieldset class=\"form-horizontal\">\r\n    <legend>Titel / Intro</legend>\r\n\r\n    <div class=\"form-group\">\r\n        <div class=\"col-sm-12\">\r\n            <textarea cols=\"1\" rows=\"6\" class=\"form-control\" name=\"REX_INPUT_VALUE[1]\">REX_VALUE[1]</textarea>\r\n        </div>\r\n    </div>\r\n\r\n</fieldset>\r\n','admin','admin','2015-11-30 17:31:33','2016-06-02 12:26:54','',0),
  (2,'02a . Text (Textile und Markitup)','<?php\r\n$template = ($this->getTemplateId() == 1) ? \' container\' : \'\';\r\n$distance = (\"REX_VALUE[19]\" != \'\') ? \' REX_VALUE[19]\' : \'\';\r\n$background = (\"REX_VALUE[16]\" == \'true\') ? \' grey\' : \'\';\r\n\r\necho \'\r\n<section class=\"module-wrapper clearfix\'.$background.\'\">\r\n<div class=\"full\'.$template.$distance.\'\">\';\r\n\r\n	// Left and right indent?\r\n	if (\"REX_VALUE[17]\" == \'vd\') {\r\n		echo \'\r\n		<div class=\"row\">\r\n		<div class=\"col-md-8 col-md-offset-2\">\';\r\n	}\r\n\r\n	if (\"REX_VALUE[1]\" != \'\') {\r\n		echo \'\r\n		<REX_VALUE[2]>REX_VALUE[1]</REX_VALUE[2]>\';\r\n	}\r\n\r\n	if (\'REX_VALUE[id=3 isset=1]\') {\r\n		// Parse text with Textile\r\n	    $textile = markitup::parseOutput(\'textile\', \'REX_VALUE[id=3 output=\"html\"]\');\r\n		// Use Bold-Tags to enable Bootstrap-Labels\r\n	    echo str_replace(array(\'<b>\', \'</b>\'), array(\'<span class=\"label label-primary\">\', \'</span>\'), $textile);\r\n	}\r\n\r\n	// Trennlinie?\r\n	if (\"REX_VALUE[18]\"== \'true\'){\r\n		echo \'\r\n		<div class=\"hline\"></div>\';\r\n	}\r\n\r\n	if (\"REX_VALUE[17]\" == \'vd\') {\r\n		echo \'\r\n		</div>\r\n		</div>\';\r\n	}\r\n	?>\r\n</div>\r\n</section>\r\n','<!-- *******************************************************\r\nTEXT\r\n******************************************************** -->\r\n\r\n<fieldset class=\"form-horizontal\">\r\n    <legend>Text</legend>\r\n\r\n    <div class=\"form-group\">\r\n        <label class=\"col-sm-2 control-label\" for=\"headline\">Überschrift</label>\r\n        <div class=\"col-sm-10\">\r\n            <input class=\"form-control\" id=\"headline\" type=\"text\" name=\"REX_INPUT_VALUE[1]\" value=\"REX_VALUE[1]\" />\r\n        </div>\r\n    </div>\r\n\r\n    <div class=\"form-group\">\r\n        <label class=\"col-sm-2 control-label\" for=\"headline-level\">Überschrift-Ebene</label>\r\n        <div class=\"col-sm-10\">\r\n			<?php\r\n				$options = array(\r\n				\'h2\'=>\'2. Ebene\',\r\n				\'h3\'=>\'3. Ebene\'\r\n			);\r\n			?>\r\n			<select name=\"REX_INPUT_VALUE[2]\" id=\"headline-level\" class=\"form-control\">\r\n			<?php foreach ($options as $k=>$v) : ?>\r\n			<option value=\"<?php echo $k; ?>\"<?php if ($k == \"REX_VALUE[2]\") echo \' selected=\"selected\"\' ?>><?php echo $v; ?></option>\r\n			<?php endforeach ?>\r\n			</select>\r\n        </div>\r\n    </div>\r\n\r\n    <div class=\"form-group\">\r\n        <label class=\"col-sm-2 control-label\" for=\"markitup_textile_1\">Text</label>\r\n        <div class=\"col-sm-10\">\r\n            <textarea cols=\"1\" rows=\"6\" class=\"form-control markitupEditor-textile_full\" id=\"markitup_textile_1\" name=\"REX_INPUT_VALUE[3]\">REX_VALUE[3]</textarea>\r\n        </div>\r\n    </div>\r\n\r\n	<div class=\"form-group\">\r\n        <label class=\"col-sm-2 control-label\" for=\"padding\">Einrückung</label>\r\n        <div class=\"col-sm-10\">\r\n			<?php\r\n				$options = array(\r\n				\'\'=>\'keine\',\r\n				\'vd\'=>\'ja\'\r\n			);\r\n			?>\r\n			<select name=\"REX_INPUT_VALUE[17]\" id=\"padding\" class=\"form-control\">\r\n			<?php foreach ($options as $k=>$v) : ?>\r\n			<option value=\"<?php echo $k; ?>\"<?php if ($k == \"REX_VALUE[17]\") echo \' selected=\"selected\"\' ?>><?php echo $v; ?></option>\r\n			<?php endforeach ?>\r\n			</select>\r\n\r\n			<br><section class=\"rex-page-section\">\r\n			    <div class=\"panel panel-default\">\r\n\r\n			        <header class=\"panel-heading collapsed\" data-toggle=\"collapse\" data-target=\"#collapse-REX_SLICE_ID\" aria-expanded=\"false\">\r\n						<div class=\"panel-title\"><i class=\"rex-icon rex-icon-info\"></i> Hinweis</div>\r\n					</header>\r\n\r\n			        <div id=\"collapse-REX_SLICE_ID\" class=\"panel-collapse collapse\" aria-expanded=\"false\" style=\"height: 0px;\">\r\n\r\n			            <div class=\"panel-body\" style=\"background: #f3f6fb;\">\r\n			                <ul>\r\n								<li>Hier kann man eine linke und rechte Einrückung von je zwei Spalten des 12er-Bootstrap-Rasters aktivieren.</li>\r\n								<li>Der vertikale Abstand erzeugt einen oberen und unteren Zwischenraum von jeweils 60px.</li>\r\n							</ul>\r\n						</div>\r\n			        </div>\r\n			    </div>\r\n			</section>\r\n\r\n		</div>\r\n    </div>\r\n\r\n    <div class=\"form-group\">\r\n        <label class=\"col-sm-2 control-label\" for=\"distance\">vertikaler Abstand</label>\r\n        <div class=\"col-sm-10\">\r\n			<?php\r\n				$options = array(\r\n				\'\'=>\'keiner\',\r\n				\'mt\'=>\'oberhalb\',\r\n				\'mb\'=>\'unterhalb\',\r\n				\'mtb\'=>\'ober- und unterhalb\'\r\n			);\r\n			?>\r\n			<select name=\"REX_INPUT_VALUE[19]\" id=\"distance\" class=\"form-control\">\r\n			<?php foreach ($options as $k=>$v) : ?>\r\n			<option value=\"<?php echo $k; ?>\"<?php if ($k == \"REX_VALUE[19]\") echo \' selected=\"selected\"\' ?>><?php echo $v; ?></option>\r\n			<?php endforeach ?>\r\n			</select>\r\n        </div>\r\n    </div>\r\n\r\n    <div class=\"form-group\">\r\n        <label class=\"col-sm-2 control-label\" for=\"line\">Trennlinie</label>\r\n        <div class=\"col-sm-10\">\r\n			<?php\r\n				$options = array(\r\n				\'\'=>\'nein\',\r\n				\'true\'=>\'ja\'\r\n			);\r\n			?>\r\n			<select name=\"REX_INPUT_VALUE[18]\" id=\"line\" class=\"form-control\">\r\n			<?php foreach ($options as $k=>$v) : ?>\r\n			<option value=\"<?php echo $k; ?>\"<?php if ($k == \"REX_VALUE[18]\") echo \' selected=\"selected\"\' ?>><?php echo $v; ?></option>\r\n			<?php endforeach ?>\r\n			</select>\r\n        </div>\r\n    </div>\r\n\r\n    <div class=\"form-group\">\r\n        <label class=\"col-sm-2 control-label\" for=\"line\">Hintergrund</label>\r\n        <div class=\"col-sm-10\">\r\n			<?php\r\n				$options = array(\r\n				\'\'=>\'weiß\',\r\n				\'true\'=>\'grau\'\r\n			);\r\n			?>\r\n			<select name=\"REX_INPUT_VALUE[16]\" id=\"line\" class=\"form-control\">\r\n			<?php foreach ($options as $k=>$v) : ?>\r\n			<option value=\"<?php echo $k; ?>\"<?php if ($k == \"REX_VALUE[16]\") echo \' selected=\"selected\"\' ?>><?php echo $v; ?></option>\r\n			<?php endforeach ?>\r\n			</select>\r\n        </div>\r\n    </div>\r\n\r\n</fieldset>\r\n','admin','decaf','2015-11-30 17:32:04','2016-10-18 16:40:40','',0),
  (3,'03 . Text mit Bild (1 - 3 Spalten)','<?php\r\n$grid_content1 = \'\';\r\n$grid_content2 = \'\';\r\n$grid_content3 = \'\';\r\n\r\n// col1\r\nif (\"REX_MEDIA[1]\" != \'\') {\r\n	$media = rex_media::get(\"REX_MEDIA[1]\");\r\n	if ($media instanceof rex_media) {\r\n        $mediatitle = str_replace(array(\"\\r\\n\", \"\\n\", \"\\r\"), \' \', $media->getValue(\'med_description\'));\r\n        $grid_content1 .= \'<img class=\"content\" src=\"index.php?rex_media_type=content&rex_media_file=REX_MEDIA[1]\" alt=\"\'.$mediatitle.\'\">\';\r\n    }\r\n}\r\nif (\'REX_VALUE[id=1 isset=1]\') {\r\n    $grid_content1 .= markitup::parseOutput(\'textile\', \'REX_VALUE[id=1 output=\"html\"]\');\r\n}\r\n\r\n// col2\r\nif (\"REX_MEDIA[2]\" != \'\') {\r\n	$media = rex_media::get(\"REX_MEDIA[2]\");\r\n    if ($media instanceof rex_media) {\r\n        $mediatitle = str_replace(array(\"\\r\\n\", \"\\n\", \"\\r\"), \' \', $media->getValue(\'med_description\'));\r\n        $grid_content2 .= \'<img class=\"content\" src=\"index.php?rex_media_type=content&rex_media_file=REX_MEDIA[2]\" alt=\"\'.$mediatitle.\'\">\';\r\n    }\r\n}\r\nif (\'REX_VALUE[id=2 isset=1]\') {\r\n    $grid_content2 .= markitup::parseOutput(\'textile\', \'REX_VALUE[id=2 output=\"html\"]\');\r\n}\r\n\r\n// col3\r\nif (\"REX_MEDIA[3]\" != \'\') {\r\n	$media = rex_media::get(\"REX_MEDIA[3]\");\r\n    if ($media instanceof rex_media) {\r\n        $mediatitle = str_replace(array(\"\\r\\n\", \"\\n\", \"\\r\"), \' \', $media->getValue(\'med_description\'));\r\n        $grid_content3 .= \'<img class=\"content\" src=\"index.php?rex_media_type=content&rex_media_file=REX_MEDIA[3]\" alt=\"\'.$mediatitle.\'\">\';\r\n    }\r\n}\r\nif (\'REX_VALUE[id=3 isset=1]\') {\r\n    $grid_content3 .= markitup::parseOutput(\'textile\', \'REX_VALUE[id=3 output=\"html\"]\');\r\n}\r\n?>\r\n<!-- SECTION -->\r\n<div class=\"<?php if ($this->getTemplateId() == 1) echo \'container clearfix \'; ?>pictext<?php if (\"REX_VALUE[19]\" != \'\') echo \" REX_VALUE[19]\"; ?>\">\r\n\r\n	<?php\r\n	if (\"REX_VALUE[10]\" != \'\') {\r\n		echo \'\r\n		<REX_VALUE[11]>REX_VALUE[10]</REX_VALUE[11]>\';\r\n	}\r\n	?>\r\n		<div class=\"row\">\r\n\r\n		<?php\r\n		// 2cols\r\n		if (\"REX_VALUE[9]\" == \'2\')  {\r\n			echo \'\r\n			<div class=\"col-md-6\">\r\n				\'.$grid_content1.\'\r\n			</div>\r\n			<div class=\"col-md-6\">\r\n				\'.$grid_content2.\'\r\n			</div>\';\r\n		// 3cols\r\n		} elseif (\"REX_VALUE[9]\" == \'3\')	 {\r\n			echo \'\r\n			<div class=\"col-sm-4\">\r\n				\'.$grid_content1.\'\r\n			</div>\r\n			<div class=\"col-sm-4\">\r\n				\'.$grid_content2.\'\r\n			</div>\r\n			<div class=\"col-sm-4\">\r\n				\'.$grid_content3.\'\r\n			</div>\';\r\n		// 1col\r\n		} else {\r\n			echo $grid_content1;\r\n		}\r\n		?>\r\n\r\n	</div>\r\n\r\n	<?php\r\n	if (\"REX_VALUE[15]\"== \'true\'){\r\n	echo \'\r\n	<div class=\"hline\"></div>\';\r\n	}\r\n	?>\r\n</div>\r\n','<!-- *******************************************************\r\nTEXT UND BILD IN SPALTEN\r\n******************************************************** -->\r\n\r\n<script type=\"text/javascript\">\r\njQuery(function($){\r\n	$(document).ready(function(){\r\n\r\n		$(\'select#choices\').change(function() {\r\n			$(\'.off\').hide();\r\n\r\n			for(var i = 1; i <= parseInt($(this).val()); i++) {\r\n				$(\'#col\' + i).show();\r\n			}\r\n		});\r\n\r\n		$(\'select#choices\').change();\r\n\r\n	})\r\n});\r\n</script>\r\n\r\n<fieldset class=\"form-horizontal\">\r\n    <div class=\"form-group\">\r\n        <label class=\"col-sm-2 control-label\" for=\"choices\">Spalten</label>\r\n        <div class=\"col-sm-10\">\r\n			<?php\r\n				$options = array(\r\n				\'1\'=>\'volle Breite\',\r\n				\'2\'=>\'zwei Spalten\',\r\n				\'3\'=>\'drei Spalten\'\r\n			);\r\n			?>\r\n			<select name=\"REX_INPUT_VALUE[9]\" id=\"choices\" class=\"form-control\">\r\n			<?php foreach ($options as $k=>$v) : ?>\r\n			<option value=\"<?php echo $k; ?>\"<?php if ($k == \"REX_VALUE[9]\") echo \' selected=\"selected\"\' ?>><?php echo $v; ?></option>\r\n			<?php endforeach ?>\r\n			</select>\r\n        </div>\r\n    </div>\r\n\r\n    <div class=\"form-group\">\r\n        <label class=\"col-sm-2 control-label\" for=\"headline\">Überschrift</label>\r\n        <div class=\"col-sm-10\">\r\n            <input class=\"form-control\" id=\"headline\" type=\"text\" name=\"REX_INPUT_VALUE[10]\" value=\"REX_VALUE[10]\" />\r\n        </div>\r\n    </div>\r\n\r\n    <div class=\"form-group\">\r\n        <label class=\"col-sm-2 control-label\" for=\"headline-level\">Überschrift-Ebene</label>\r\n        <div class=\"col-sm-10\">\r\n			<?php\r\n				$options = array(\r\n				\'h1\'=>\'1. Ebene\',\r\n				\'h2\'=>\'2. Ebene\',\r\n				\'h3\'=>\'3. Ebene\'\r\n			);\r\n			?>\r\n			<select name=\"REX_INPUT_VALUE[11]\" id=\"headline-level\" class=\"form-control\">\r\n			<?php foreach ($options as $k=>$v) : ?>\r\n			<option value=\"<?php echo $k; ?>\"<?php if ($k == \"REX_VALUE[11]\") echo \' selected=\"selected\"\' ?>><?php echo $v; ?></option>\r\n			<?php endforeach ?>\r\n			</select>\r\n        </div>\r\n    </div>\r\n</fieldset>\r\n\r\n<fieldset class=\"form-horizontal\">\r\n    <legend>1. Spalte</legend>\r\n\r\n    <div class=\"form-group\">\r\n        <label class=\"col-sm-2 control-label\">Bild</label>\r\n        <div class=\"col-sm-10\">\r\n            REX_MEDIA[id=\"1\" widget=\"1\"]\r\n        </div>\r\n    </div>\r\n\r\n    <div class=\"form-group\">\r\n        <label class=\"col-sm-2 control-label\" for=\"markitup_textile_1\">Text</label>\r\n        <div class=\"col-sm-10\">\r\n            <textarea cols=\"1\" rows=\"6\" class=\"form-control markitupEditor-textile_full\" id=\"markitup_textile_1\" name=\"REX_INPUT_VALUE[1]\">REX_VALUE[1]</textarea>\r\n        </div>\r\n    </div>\r\n</fieldset>\r\n\r\n\r\n\r\n<fieldset class=\"form-horizontal off\" id=\"col2\">\r\n    <legend>2. Spalte</legend>\r\n\r\n    <div class=\"form-group\">\r\n        <label class=\"col-sm-2 control-label\">Bild</label>\r\n        <div class=\"col-sm-10\">\r\n            REX_MEDIA[id=\"2\" widget=\"1\"]\r\n        </div>\r\n    </div>\r\n\r\n    <div class=\"form-group\">\r\n        <label class=\"col-sm-2 control-label\" for=\"markitup_textile_2\">Text</label>\r\n        <div class=\"col-sm-10\">\r\n            <textarea cols=\"1\" rows=\"6\" class=\"form-control markitupEditor-textile_full\" id=\"markitup_textile_2\" name=\"REX_INPUT_VALUE[2]\">REX_VALUE[2]</textarea>\r\n        </div>\r\n    </div>\r\n</fieldset>\r\n\r\n\r\n<fieldset class=\"form-horizontal off\" id=\"col3\">\r\n    <legend>3. Spalte</legend>\r\n\r\n    <div class=\"form-group\">\r\n        <label class=\"col-sm-2 control-label\">Bild</label>\r\n        <div class=\"col-sm-10\">\r\n            REX_MEDIA[id=\"3\" widget=\"1\"]\r\n        </div>\r\n    </div>\r\n\r\n    <div class=\"form-group\">\r\n        <label class=\"col-sm-2 control-label\" for=\"markitup_textile_3\">Text</label>\r\n        <div class=\"col-sm-10\">\r\n            <textarea cols=\"1\" rows=\"6\" class=\"form-control markitupEditor-full\" id=\"markitup_textile_3\" name=\"REX_INPUT_VALUE[3]\">REX_VALUE[3]</textarea>\r\n        </div>\r\n    </div>\r\n</fieldset>\r\n\r\n\r\n<fieldset class=\"form-horizontal\">\r\n    <legend>Abstände</legend>\r\n    <div class=\"form-group\">\r\n        <label class=\"col-sm-2 control-label\" for=\"distance\">Abstand</label>\r\n        <div class=\"col-sm-10\">\r\n			<?php\r\n				$options = array(\r\n				\'\'=>\'keiner\',\r\n				\'mt\'=>\'oberhalb\',\r\n				\'mb\'=>\'unterhalb\',\r\n				\'mtb\'=>\'ober- und unterhalb\'\r\n			);\r\n			?>\r\n			<select name=\"REX_INPUT_VALUE[19]\" id=\"distance\" class=\"form-control\">\r\n			<?php foreach ($options as $k=>$v) : ?>\r\n			<option value=\"<?php echo $k; ?>\"<?php if ($k == \"REX_VALUE[19]\") echo \' selected=\"selected\"\' ?>><?php echo $v; ?></option>\r\n			<?php endforeach ?>\r\n			</select>\r\n        </div>\r\n    </div>\r\n\r\n    <div class=\"form-group\">\r\n        <label class=\"col-sm-2 control-label\" for=\"line\">Trennlinie</label>\r\n        <div class=\"col-sm-10\">\r\n			<?php\r\n				$options = array(\r\n				\'\'=>\'nein\',\r\n				\'true\'=>\'ja\'\r\n			);\r\n			?>\r\n			<select name=\"REX_INPUT_VALUE[18]\" id=\"line\" class=\"form-control\">\r\n			<?php foreach ($options as $k=>$v) : ?>\r\n			<option value=\"<?php echo $k; ?>\"<?php if ($k == \"REX_VALUE[18]\") echo \' selected=\"selected\"\' ?>><?php echo $v; ?></option>\r\n			<?php endforeach ?>\r\n			</select>\r\n        </div>\r\n    </div>\r\n\r\n</fieldset>\r\n','admin','admin','2015-12-01 10:21:28','2017-08-18 12:13:36','',0),
  (4,'04 . Drei Teaserkästen','<!-- *******************************************************\r\nDREI TEASERKÄSTEN\r\n******************************************************** -->\r\n\r\n<?php\r\n$template = ($this->getTemplateId() == 1) ? \' container\' : \'\';\r\n$distance = (\"REX_VALUE[19]\" != \'\') ? \' REX_VALUE[19]\' : \'\';\r\n$iconsize = (\"REX_VALUE[15]\" != \'\') ? \' REX_VALUE[15]\' : \'\';\r\n?>\r\n\r\n<section class=\"service clearfix\">\r\n	<div class=\"full<?php echo $template.$distance.$iconsize; ?>\">\r\n\r\n		<div class=\"row centered\">\r\n\r\n			<div class=\"col-md-4\">\r\n				<?php\r\n				if (\"REX_VALUE[2]\" != \'\') {\r\n					if (\"REX_VALUE[1]\" != \'\') {\r\n						echo \'\r\n						<i class=\"fa REX_VALUE[1]\"></i>\';\r\n					}\r\n					echo \'\r\n					<h4>REX_VALUE[2]</h4>\';\r\n				}\r\n\r\n				if (\'REX_VALUE[id=3 isset=1]\') {\r\n				    echo markitup::parseOutput(\'textile\', \'REX_VALUE[id=3 output=\"html\"]\');\r\n				}\r\n\r\n				if (\"REX_LINK[1]\" != \'\') {\r\n					$link = rex_article::get(\"REX_LINK[1]\");\r\n					if ($link instanceof rex_article) {\r\n                        $link_name = $link->getValue(\'name\');\r\n                        if (\"REX_VALUE[4]\" != \'\') {\r\n                            $link_name = \'REX_VALUE[4]\';\r\n                        }\r\n                        echo \'\r\n					    <p><br/><a href=\"\' . rex_getUrl(\"REX_LINK[1]\") . \'\" class=\"btn btn-theme\">\' . $link_name . \'</a></p>\';\r\n                    }\r\n				}\r\n				?>\r\n			</div>\r\n\r\n			<div class=\"col-md-4\">\r\n				<?php\r\n				if (\"REX_VALUE[6]\" != \'\') {\r\n					if (\"REX_VALUE[5]\" != \'\') {\r\n						echo \'\r\n						<i class=\"fa REX_VALUE[5]\"></i>\';\r\n					}\r\n					echo \'\r\n					<h4>REX_VALUE[6]</h4>\';\r\n				}\r\n\r\n				if (\'REX_VALUE[id=7 isset=1]\') {\r\n				    echo markitup::parseOutput(\'textile\', \'REX_VALUE[id=7 output=\"html\"]\');\r\n				}\r\n\r\n				if (\"REX_LINK[2]\" != \'\') {\r\n					$article = rex_article::get(\"REX_LINK[2]\");\r\n                    if ($article instanceof rex_article) {\r\n                        $article_name = $article->getValue(\'name\');\r\n                        if (\"REX_VALUE[8]\" != \'\') {\r\n                            $article_name = \'REX_VALUE[8]\';\r\n                        }\r\n                        echo \'\r\n                        <p><br/><a href=\"\' . rex_getUrl(\"REX_LINK[2]\") . \'\" class=\"btn btn-theme\">\' . $article_name . \'</a></p>\';\r\n                    }\r\n				}\r\n				?>\r\n			</div>\r\n\r\n			<div class=\"col-md-4\">\r\n				<?php\r\n				if (\"REX_VALUE[10]\" != \'\') {\r\n					if (\"REX_VALUE[9]\" != \'\') {\r\n						echo \'\r\n						<i class=\"fa REX_VALUE[9]\"></i>\';\r\n					}\r\n					echo \'\r\n					<h4>REX_VALUE[10]</h4>\';\r\n				}\r\n\r\n				if (\'REX_VALUE[id=11 isset=1]\') {\r\n				    echo markitup::parseOutput(\'textile\', \'REX_VALUE[id=11 output=\"html\"]\');\r\n				}\r\n\r\n				if (\"REX_LINK[3]\" != \'\') {\r\n					$article = rex_article::get(\"REX_LINK[3]\");\r\n                    if ($article instanceof rex_article) {\r\n                        // $article_name = $article->getValue(\'name\');\r\n                        if (\"REX_VALUE[12]\" != \'\') {\r\n                            $article_name = \'REX_VALUE[12]\';\r\n                        }\r\n                        echo \'\r\n                        <p><br/><a href=\"\' . rex_getUrl(\"REX_LINK[3]\") . \'\" class=\"btn btn-theme\">\' . $article_name . \'</a></p>\';\r\n                    }\r\n				}\r\n				?>\r\n			</div>\r\n		</div>\r\n	</div><! --/container -->\r\n</section><! --/service -->\r\n','<!-- *******************************************************\r\nTEASERKÄSTEN\r\n******************************************************** -->\r\n\r\n<fieldset class=\"form-horizontal\">\r\n    <legend>Abstände</legend>\r\n    <div class=\"form-group\">\r\n        <label class=\"col-sm-2 control-label\" for=\"distance\">Icon-Größe</label>\r\n        <div class=\"col-sm-10\">\r\n			<?php\r\n				$options = array(\r\n				\'\'=>\'klein\',\r\n				\'size2\'=>\'mittel\',\r\n				\'size3\'=>\'groß\'\r\n			);\r\n			?>\r\n			<select name=\"REX_INPUT_VALUE[15]\" id=\"distance\" class=\"form-control\">\r\n			<?php foreach ($options as $k=>$v) : ?>\r\n			<option value=\"<?php echo $k; ?>\"<?php if ($k == \"REX_VALUE[15]\") echo \' selected=\"selected\"\' ?>><?php echo $v; ?></option>\r\n			<?php endforeach ?>\r\n			</select>\r\n        </div>\r\n    </div>\r\n</fieldset>\r\n\r\n<fieldset class=\"form-horizontal\">\r\n    <legend>1. Kasten</legend>\r\n\r\n    <div class=\"form-group\" style=\"overflow: visible;\">\r\n        <label class=\"col-sm-2 control-label\" for=\"icon1\">Icon</label>\r\n        <div class=\"col-sm-10\">\r\n            <input data-placement=\"bottomRight\" class=\"form-control icp\" id=\"icon1\" type=\"text\" name=\"REX_INPUT_VALUE[1]\" value=\"REX_VALUE[1]\" />\r\n\r\n			<br><section class=\"rex-page-section\">\r\n				<div class=\"panel panel-default\">\r\n\r\n					<header class=\"panel-heading collapsed\" data-toggle=\"collapse\" data-target=\"#collapse-REX_SLICE_ID\" aria-expanded=\"false\">\r\n						<div class=\"panel-title\"><i class=\"rex-icon rex-icon-info\"></i> Hinweis zur Eingabe der Icons</div>\r\n					</header>\r\n\r\n					<div id=\"collapse-REX_SLICE_ID\" class=\"panel-collapse collapse\" aria-expanded=\"false\" style=\"height: 0px;\">\r\n\r\n						<div class=\"panel-body\" style=\"background: #f3f6fb;\">\r\n							<ul>\r\n								<li>Man kann hier Icons des Font-Zeichensatzes Font Awesome verwenden:<br>\r\n								<a href=\"https://fortawesome.github.io/Font-Awesome/icons/\" target=\"_blank\">https://fortawesome.github.io/Font-Awesome/icons/</a></li>\r\n								<li>Dazu bitte einfach den CSS-Klassennamne des gewünschten Icons eingeben.</li>\r\n								<li>Oder noch besser: Das <a href=\"index.php?page=install/packages/add&addonkey=iconpicker\">Iconpicker-AddOn</a> installieren! :-)</li>\r\n							</ul>\r\n						</div>\r\n					</div>\r\n				</div>\r\n			</section>\r\n\r\n        </div>\r\n    </div>\r\n\r\n	<div class=\"form-group\">\r\n        <label class=\"col-sm-2 control-label\" for=\"headline1\">Überschrift</label>\r\n        <div class=\"col-sm-10\">\r\n            <input class=\"form-control\" id=\"headline1\" type=\"text\" name=\"REX_INPUT_VALUE[2]\" value=\"REX_VALUE[2]\" />\r\n        </div>\r\n    </div>\r\n\r\n    <div class=\"form-group\">\r\n        <label class=\"col-sm-2 control-label\" for=\"markitup_textile_1\">Text</label>\r\n        <div class=\"col-sm-10\">\r\n            <textarea cols=\"1\" rows=\"6\" class=\"form-control markitupEditor-full\" id=\"markitup_textile_1\" name=\"REX_INPUT_VALUE[3]\">REX_VALUE[3]</textarea>\r\n        </div>\r\n    </div>\r\n\r\n	<div class=\"form-group\">\r\n        <label class=\"col-sm-2 control-label\">Link</label>\r\n        <div class=\"col-sm-10\">\r\n            REX_LINK[id=\"1\" widget=\"1\"]\r\n        </div>\r\n    </div>\r\n\r\n	<div class=\"form-group\">\r\n        <label class=\"col-sm-2 control-label\" for=\"linktext1\">Linktext</label>\r\n        <div class=\"col-sm-10\">\r\n            <input class=\"form-control\" id=\"linktext1\" type=\"text\" name=\"REX_INPUT_VALUE[4]\" value=\"REX_VALUE[4]\" />\r\n        </div>\r\n    </div>\r\n</fieldset>\r\n\r\n\r\n<fieldset class=\"form-horizontal\">\r\n    <legend>2. Kasten</legend>\r\n\r\n    <div class=\"form-group\" style=\"overflow: visible;\">\r\n        <label class=\"col-sm-2 control-label\" for=\"icon2\">Icon</label>\r\n        <div class=\"col-sm-10\">\r\n            <input data-placement=\"bottomRight\" class=\"form-control icp\" id=\"icon2\" type=\"text\" name=\"REX_INPUT_VALUE[5]\" value=\"REX_VALUE[5]\" />\r\n        </div>\r\n    </div>\r\n\r\n	<div class=\"form-group\">\r\n        <label class=\"col-sm-2 control-label\" for=\"headline2\">Überschrift</label>\r\n        <div class=\"col-sm-10\">\r\n            <input class=\"form-control\" id=\"headline2\" type=\"text\" name=\"REX_INPUT_VALUE[6]\" value=\"REX_VALUE[6]\" />\r\n        </div>\r\n    </div>\r\n\r\n    <div class=\"form-group\">\r\n        <label class=\"col-sm-2 control-label\" for=\"markitup_textile_2\">Text</label>\r\n        <div class=\"col-sm-10\">\r\n            <textarea cols=\"1\" rows=\"6\" class=\"form-control markitupEditor-full\" id=\"markitup_textile_2\" name=\"REX_INPUT_VALUE[7]\">REX_VALUE[7]</textarea>\r\n        </div>\r\n    </div>\r\n\r\n	<div class=\"form-group\">\r\n        <label class=\"col-sm-2 control-label\">Link</label>\r\n        <div class=\"col-sm-10\">\r\n            REX_LINK[id=\"2\" widget=\"1\"]\r\n        </div>\r\n    </div>\r\n\r\n	<div class=\"form-group\">\r\n        <label class=\"col-sm-2 control-label\" for=\"linktext2\">Linktext</label>\r\n        <div class=\"col-sm-10\">\r\n            <input class=\"form-control\" id=\"linktext2\" type=\"text\" name=\"REX_INPUT_VALUE[8]\" value=\"REX_VALUE[8]\" />\r\n        </div>\r\n    </div>\r\n</fieldset>\r\n\r\n\r\n<fieldset class=\"form-horizontal\">\r\n    <legend>3. Kasten</legend>\r\n\r\n    <div class=\"form-group\" style=\"overflow: visible;\">\r\n        <label class=\"col-sm-2 control-label\" for=\"icon3\">Icon</label>\r\n        <div class=\"col-sm-10\">\r\n            <input data-placement=\"bottomRight\" class=\"form-control icp\" id=\"icon3\" type=\"text\" name=\"REX_INPUT_VALUE[9]\" value=\"REX_VALUE[9]\" />\r\n        </div>\r\n    </div>\r\n\r\n	<div class=\"form-group\">\r\n        <label class=\"col-sm-2 control-label\" for=\"headline3\">Überschrift</label>\r\n        <div class=\"col-sm-10\">\r\n            <input class=\"form-control\" id=\"headline3\" type=\"text\" name=\"REX_INPUT_VALUE[10]\" value=\"REX_VALUE[10]\" />\r\n        </div>\r\n    </div>\r\n\r\n    <div class=\"form-group\">\r\n        <label class=\"col-sm-2 control-label\" for=\"markitup_textile_3\">Text</label>\r\n        <div class=\"col-sm-10\">\r\n            <textarea cols=\"1\" rows=\"6\" class=\"form-control markitupEditor-full\" id=\"markitup_textile_3\" name=\"REX_INPUT_VALUE[11]\">REX_VALUE[11]</textarea>\r\n        </div>\r\n    </div>\r\n\r\n	<div class=\"form-group\">\r\n        <label class=\"col-sm-2 control-label\">Link</label>\r\n        <div class=\"col-sm-10\">\r\n            REX_LINK[id=\"3\" widget=\"1\"]\r\n        </div>\r\n    </div>\r\n\r\n	<div class=\"form-group\">\r\n        <label class=\"col-sm-2 control-label\" for=\"linktext3\">Linktext</label>\r\n        <div class=\"col-sm-10\">\r\n            <input class=\"form-control\" id=\"linktext3\" type=\"text\" name=\"REX_INPUT_VALUE[12]\" value=\"REX_VALUE[12]\" />\r\n        </div>\r\n    </div>\r\n</fieldset>\r\n\r\n<fieldset class=\"form-horizontal\">\r\n    <legend>Abstände</legend>\r\n    <div class=\"form-group\">\r\n        <label class=\"col-sm-2 control-label\" for=\"distance\">Abstand</label>\r\n        <div class=\"col-sm-10\">\r\n			<?php\r\n				$options = array(\r\n				\'\'=>\'keiner\',\r\n				\'mt\'=>\'oberhalb\',\r\n				\'mb\'=>\'unterhalb\',\r\n				\'mtb\'=>\'ober- und unterhalb\'\r\n			);\r\n			?>\r\n			<select name=\"REX_INPUT_VALUE[19]\" id=\"distance\" class=\"form-control\">\r\n			<?php foreach ($options as $k=>$v) : ?>\r\n			<option value=\"<?php echo $k; ?>\"<?php if ($k == \"REX_VALUE[19]\") echo \' selected=\"selected\"\' ?>><?php echo $v; ?></option>\r\n			<?php endforeach ?>\r\n			</select>\r\n        </div>\r\n    </div>\r\n</fieldset>\r\n','admin','admin','2015-12-01 10:22:03','2017-08-18 11:31:26','',0),
  (5,'05 . Zitat (auf Bild)','<!-- *******************************************************\r\nQUOTE\r\n******************************************************** -->\r\n<?php\r\n$bg = (\"REX_MEDIA[1]\" != \'\') ? \' style=\"background-image: url(index.php?rex_media_type=full&rex_media_file=REX_MEDIA[1])\"\' : \'\';\r\n?>\r\n\r\n<div class=\"fullpicture parallax clearfix\"<?php echo $bg; ?>>\r\n	<div class=\"layer\"></div>\r\n		<?php\r\n		if ($this->getTemplateId() == 1) {\r\n			echo \'\r\n			<div class=\"container centered\">\';\r\n		} else {\r\n			echo \'\r\n			<div class=\"centered\">\';\r\n		}\r\n		?>\r\n		<div class=\"row\">\r\n			<div class=\"col-lg-8 col-lg-offset-2\">\r\n				<i class=\"fa fa-comment-o\"></i>\r\n				<?php\r\n				if (\'REX_VALUE[id=1 isset=1]\') {\r\n				    echo markitup::parseOutput(\'textile\', \'REX_VALUE[id=1 output=\"html\"]\');\r\n				}\r\n				?>\r\n				REX_VALUE[id=\'2\' prefix=\'<h4><br>\' suffix=\'</h4>\']\r\n			</div>\r\n		</div><! --/row -->\r\n	</div><! --/container -->\r\n</div><! --/twrap -->\r\n','<!-- *******************************************************\r\nZITAT AUF BILD\r\n******************************************************** -->\r\n<fieldset class=\"form-horizontal\">\r\n    <legend>Titel / Intro</legend>\r\n\r\n    <div class=\"form-group\">\r\n        <label class=\"col-sm-2 control-label\">Bild (ca. 2000px breit)</label>\r\n        <div class=\"col-sm-10\">\r\n            REX_MEDIA[id=\"1\" widget=\"1\"]\r\n        </div>\r\n    </div>\r\n\r\n    <div class=\"form-group\">\r\n        <label class=\"col-sm-2 control-label\" for=\"markitup_textile_1\">Text</label>\r\n        <div class=\"col-sm-10\">\r\n            <textarea cols=\"1\" rows=\"6\" class=\"form-control markitupEditor-textile_full\" id=\"markitup_textile_1\" name=\"REX_INPUT_VALUE[1]\">REX_VALUE[1]</textarea>\r\n        </div>\r\n    </div>\r\n\r\n    <div class=\"form-group\">\r\n        <label class=\"col-sm-2 control-label\" for=\"person\">Zitierte Person</label>\r\n        <div class=\"col-sm-10\">\r\n            <input class=\"form-control\" id=\"person\" type=\"text\" name=\"REX_INPUT_VALUE[2]\" value=\"REX_VALUE[2]\" />\r\n        </div>\r\n    </div>\r\n\r\n</fieldset>\r\n','admin','decaf','2015-12-01 10:22:33','2016-10-18 15:50:15','',0),
  (6,'06 . Galerie','<?php\r\n$fe = \'\';\r\n$be = \'\';\r\n\r\nif (\"REX_MEDIALIST[1]\" != \'\') {\r\n	$imagelist = explode(\',\', \"REX_MEDIALIST[1]\");\r\n\r\n	// Rahmen?\r\n	$frame = (\"REX_VALUE[5]\" != \'\') ? \"REX_VALUE[5]\" : \'framed\';\r\n\r\n	// Abstand?\r\n	$padding = (\"REX_VALUE[19]\" != \'\') ? \" REX_VALUE[19]\" : \'\';\r\n\r\n	// Volle Breite?\r\n	$full = (\"REX_VALUE[1]\" == \'full\') ? \' full \' : \' container \';\r\n	// Im Mehrspalten-Template keine volle Breite erlauben\r\n	if ($this->getTemplateId() != 1) { $full = \'\'; }\r\n\r\n	// Language suffix\r\n  $languageSuffix = \'\';\r\n  if (rex_clang::getCurrentId() == 2) {\r\n      $languageSuffix = \'_en\';\r\n  }\r\n\r\n	$fe .= \'\r\n	<section id=\"portfoliowrap\" class=\"clearfix\'.$full.$frame.$padding.\'\">\';\r\n\r\n		if (\"REX_VALUE[2]\" != \'\') {\r\n			$fe .= \'\r\n			<REX_VALUE[3]>REX_VALUE[2]</REX_VALUE[3]>\';\r\n			$be .= \'\r\n			<REX_VALUE[3]>REX_VALUE[2]</REX_VALUE[3]>\';\r\n		}\r\n\r\n		$fe .= \'\r\n		<div class=\"portfolio row\">\';\r\n\r\n				foreach ($imagelist as $file) {\r\n					$media = rex_media::get($file);\r\n					if ($media instanceof rex_media) {\r\n\r\n						$mediatitle = $media->getValue(\'title\');\r\n						$mediadesc = str_replace(array(\"\\r\\n\", \"\\n\", \"\\r\"), \' \', $media->getValue(\'med_description\' . $languageSuffix));\r\n						$medialink = $media->getValue(\'med_gallery_link\');\r\n\r\n						$fe .= \'\r\n						<div class=\"col-md-3 portfolio-item\">\r\n							<div class=\"he-wrap pic\">\r\n								<img src=\"index.php?rex_media_type=photos&rex_media_file=\'.$file.\'\" alt=\"\'.$mediadesc.\'\">\r\n								<div class=\"he-view\">\r\n									<div class=\"bg a0\" data-animate=\"fadeIn\">\';\r\n\r\n										if ($mediadesc != \'\' && $this->getTemplateId() == 1) {\r\n											// Nur im Einspalter Bildtexte anzeoigen, da Bilder ansonsten zu klein\r\n											$fe .= \'\r\n											   <h3 class=\"a1\" data-animate=\"fadeInDown\">\'.$mediadesc.\'</h3>\';\r\n										}\r\n\r\n										$fe .= \'\r\n										<a rel=\"prettyPhoto[galREX_SLICE_ID]\" href=\"index.php?rex_media_type=full&rex_media_file=\'.$file.\'\" class=\"dmbutton a2\" data-animate=\"fadeInUp\"><i class=\"fa fa-search\"></i></a>\';\r\n\r\n										if ($medialink != \'\') {\r\n											$fe .= \'\r\n											<a href=\"\'.$medialink.\'\" class=\"dmbutton a2\" data-animate=\"fadeInUp\"><i class=\"fa fa-link\"></i></a>\';\r\n										}\r\n\r\n									  $fe .= \'\r\n								  	</div><!-- he bg -->\r\n								</div><!-- he view -->\r\n							</div><!-- he wrap -->\r\n						</div><!-- end col-12 -->\';\r\n\r\n						$be .= \'\r\n						<img src=\"index.php?rex_media_type=rex_mediapool_detail&rex_media_file=\'.$file.\'\" alt=\"\'.$mediadesc.\'\">\';\r\n\r\n					}\r\n				}\r\n\r\n			$fe .= \'\r\n		</div><!-- portfolio -->\r\n	</section><!--/Portfoliowrap -->\';\r\n\r\n}\r\n\r\n// Different output for frontend and backend\r\nif (rex::isBackend()) {\r\n	echo $be;\r\n} else {\r\n	echo $fe;\r\n}\r\n?>','<!-- *******************************************************\r\nGALERIE\r\n******************************************************** -->\r\n\r\n<fieldset class=\"form-horizontal\">\r\n    <legend>Galerie</legend>\r\n\r\n	<div class=\"form-group\">\r\n        <label class=\"col-sm-2 control-label\" for=\"headline\">Überschrift</label>\r\n        <div class=\"col-sm-10\">\r\n            <input class=\"form-control\" id=\"headline\" type=\"text\" name=\"REX_INPUT_VALUE[2]\" value=\"REX_VALUE[2]\" />\r\n        </div>\r\n    </div>\r\n\r\n    <div class=\"form-group\">\r\n        <label class=\"col-sm-2 control-label\" for=\"headline-level\">Überschrift-Ebene</label>\r\n        <div class=\"col-sm-10\">\r\n			<?php\r\n				$options = array(\r\n				\'h2\'=>\'2. Ebene\',\r\n				\'h3\'=>\'3. Ebene\'\r\n			);\r\n			?>\r\n			<select name=\"REX_INPUT_VALUE[3]\" id=\"headline-level\" class=\"form-control\">\r\n			<?php foreach ($options as $k=>$v) : ?>\r\n			<option value=\"<?php echo $k; ?>\"<?php if ($k == \"REX_VALUE[3]\") echo \' selected=\"selected\"\' ?>><?php echo $v; ?></option>\r\n			<?php endforeach ?>\r\n			</select>\r\n        </div>\r\n    </div>\r\n\r\n    <div class=\"form-group\">\r\n        <label class=\"col-sm-2 control-label\" for=\"headline\">Bilder</label>\r\n		<div class=\"col-sm-10\">\r\n            REX_MEDIALIST[id=\"1\" widget=\"1\"]\r\n        </div>\r\n    </div>\r\n\r\n	<?php\r\n	// Im Mehrspalten-Template keine volle Breite erlauben\r\n	if ($this->getTemplateId() == 1) {\r\n	?>\r\n		<div class=\"form-group\">\r\n	        <label class=\"col-sm-2 control-label\" for=\"width\">Breite</label>\r\n	        <div class=\"col-sm-10\">\r\n				<?php\r\n					$options = array(\r\n					\'\'=>\'Contentbreite\',\r\n					\'full\'=>\'volle Beite\'\r\n				);\r\n				?>\r\n				<select name=\"REX_INPUT_VALUE[1]\" id=\"width\" class=\"form-control\">\r\n				<?php foreach ($options as $k=>$v) : ?>\r\n				<option value=\"<?php echo $k; ?>\"<?php if ($k == \"REX_VALUE[1]\") echo \' selected=\"selected\"\' ?>><?php echo $v; ?></option>\r\n				<?php endforeach ?>\r\n				</select>\r\n	        </div>\r\n	    </div>\r\n	<?php } ?>\r\n\r\n	<div class=\"form-group\">\r\n        <label class=\"col-sm-2 control-label\" for=\"width\">Rahmen</label>\r\n        <div class=\"col-sm-10\">\r\n			<?php\r\n				$options = array(\r\n				\'\'=>\'Rahmen zwischen Bildern\',\r\n				\'frameless\'=>\'ohne Rahmen\'\r\n			);\r\n			?>\r\n			<select name=\"REX_INPUT_VALUE[5]\" id=\"width\" class=\"form-control\">\r\n			<?php foreach ($options as $k=>$v) : ?>\r\n			<option value=\"<?php echo $k; ?>\"<?php if ($k == \"REX_VALUE[5]\") echo \' selected=\"selected\"\' ?>><?php echo $v; ?></option>\r\n			<?php endforeach ?>\r\n			</select>\r\n        </div>\r\n    </div>\r\n\r\n    <div class=\"form-group\">\r\n        <label class=\"col-sm-2 control-label\" for=\"distance\">Abstand</label>\r\n        <div class=\"col-sm-10\">\r\n			<?php\r\n				$options = array(\r\n				\'\'=>\'keiner\',\r\n				\'mt\'=>\'oberhalb\',\r\n				\'mb\'=>\'unterhalb\',\r\n				\'mtb\'=>\'ober- und unterhalb\'\r\n			);\r\n			?>\r\n			<select name=\"REX_INPUT_VALUE[19]\" id=\"distance\" class=\"form-control\">\r\n			<?php foreach ($options as $k=>$v) : ?>\r\n			<option value=\"<?php echo $k; ?>\"<?php if ($k == \"REX_VALUE[19]\") echo \' selected=\"selected\"\' ?>><?php echo $v; ?></option>\r\n			<?php endforeach ?>\r\n			</select>\r\n        </div>\r\n    </div>\r\n\r\n</fieldset>\r\n\r\n<p>Bilder in der Medienkategorie \"Fotos\" (ID 1) haben ein zusätzliches Linkfeld.</p>\r\n','admin','admin','2015-12-01 10:23:20','2017-08-18 12:25:17','',0),
  (7,'07 . Akkordeon / Tabs (Eingabe)','<?php\r\nif (!isset($counter)) {\r\n	$counter = 0;\r\n}\r\n$counter++;\r\n\r\n// Write data in an array for Frontend, but do not show them\r\nif (! rex::isBackend()) {\r\n	$items = array();\r\n	$items = [\'title\' => \'REX_VALUE[2]\', \'text\' => \'REX_VALUE[1]\'];\r\n	rex::getProperty(\'tabs\')->append($items);\r\n// Im Backend wird der Inhalt als Info für den Redakteur angezeigt\r\n} else {\r\n	if (\'REX_VALUE[id=2 isset=1]\') {\r\n	    echo \'<h2>REX_VALUE[2]</h2>\';\r\n	}\r\n	if (\'REX_VALUE[id=1 isset=1]\') {\r\n	    echo \'<p>REX_VALUE[1]</p>\';\r\n	}\r\n}\r\n?>\r\n','<!-- *******************************************************\r\nTABS EINGABE\r\n******************************************************** -->\r\n\r\n<fieldset class=\"form-horizontal\">\r\n    <legend>Tabs Eingabe</legend>\r\n\r\n    <div class=\"form-group\">\r\n        <label class=\"col-sm-2 control-label\" for=\"headline\">Überschrift</label>\r\n        <div class=\"col-sm-10\">\r\n            <input class=\"form-control\" id=\"headline\" type=\"text\" name=\"REX_INPUT_VALUE[2]\" value=\"REX_VALUE[2]\" />\r\n        </div>\r\n    </div>\r\n\r\n    <div class=\"form-group\">\r\n        <label class=\"col-sm-2 control-label\" for=\"markitup_textile_\">Text</label>\r\n        <div class=\"col-sm-10\">\r\n            <textarea cols=\"1\" rows=\"6\" class=\"form-control markitupEditor-textile_full\" id=\"markitup_textile_1\" name=\"REX_INPUT_VALUE[1]\">REX_VALUE[1]</textarea>\r\n        </div>\r\n    </div>\r\n\r\n</fieldset>\r\n','admin','admin','2015-12-01 10:23:53','2016-06-02 12:30:53','',0),
  (8,'08 . Akkordeon Tabs (Ausgabe)','<?php\r\n\r\n// In frontend read array\r\nif (!rex::isBackend()) {\r\n	$items = rex::getProperty(\'tabs\')->getArrayCopy();\r\n\r\n	$tabs_title = \'\';\r\n	$tabs_text = \'\';\r\n	$tabs_out = \'\';\r\n	$counter = 1;\r\n\r\n	$title_style = \'title\';\r\n	$content_style = \'content\';\r\n	if (\"REX_VALUE[1]\" == \'tt\' || \"REX_VALUE[1]\" == \'vt\' || \"REX_VALUE[1]\" == \'bt\') {\r\n		$title_style = \'tab-title\';\r\n		$content_style = \'tab-content\';\r\n	}\r\n	$one_open = (\"REX_VALUE[3]\" == \'one-open\') ? \" one-open\" : \"\";\r\n\r\n	foreach ($items as $item) {\r\n\r\n		if (! isset($item[\'title\'])) { $item[\'title\'] = \'\'; };\r\n		if (! isset($item[\'text\'])) { $item[\'text\'] = \'\'; };\r\n\r\n		$active_title = \'\';\r\n		$active_text = \'\';\r\n\r\n		$tabs_title = $item[\'title\'];\r\n		$tabs_text = $item[\'text\'];\r\n\r\n		if ($tabs_title != \'\' && $tabs_text != \'\') {\r\n			if ($counter == 1) $active_title = \' class=\"active\"\';\r\n\r\n			$textile = markitup::parseOutput(\'textile\', $tabs_text);\r\n			$textile = str_replace(array(\'<b>\', \'</b>\', \'-&amp;gt;\'), array(\'<span class=\"label label-primary\">\', \'</span>\', \'->\'), $textile);\r\n\r\n			$tabs_out .= \'\r\n			<li\'.$active_title.\'>\r\n				<div class=\"\'.$title_style.\'\">\r\n					<span>\'.$tabs_title.\'</span>\r\n				</div>\r\n				<div class=\"\'.$content_style.\' text\">\'.$textile.\'</div>\r\n			</li>\';\r\n		}\r\n\r\n		$counter++;\r\n\r\n	}\r\n	?>\r\n\r\n	<section class=\"<?php if ($this->getTemplateId() == 1) echo \'container clearfix \'; ?>tabs\">\r\n			<div class=\"row\">\r\n				<div class=\"col-md-8 col-md-offset-2 col-sm-12\">\r\n\r\n					<?php\r\n					if (\"REX_VALUE[2]\" != \'\') {\r\n						echo \'\r\n						<h3>REX_VALUE[2]</h3>\';\r\n					}\r\n\r\n					if (\"REX_VALUE[1]\" == \'tt\') { // Text-Tabs\r\n						echo \'\r\n						<div class=\"tabbed-content text-tabs\">\';\r\n\r\n					} elseif (\"REX_VALUE[1]\" == \'vt\') { // Vertikale Tabs\r\n						echo \'\r\n						<div class=\"tabbed-content button-tabs vertical\">\';\r\n\r\n					} elseif (\"REX_VALUE[1]\" == \'bt\') { // Button-Tabs\r\n						echo \'\r\n						<div class=\"tabbed-content button-tabs\">\';\r\n					}\r\n\r\n					if (\"REX_VALUE[1]\" == \'ta\') { // Text-Accordions\r\n\r\n						echo \'\r\n						<ul class=\"accordion accordion-2\'.$one_open.\'\">\'.\r\n							$tabs_out.\'\r\n						</ul>\';\r\n\r\n					} elseif (\"REX_VALUE[1]\" == \'ba\') { // Button-Accordions\r\n\r\n						echo \'\r\n						<ul class=\"accordion accordion-1\'.$one_open.\'\">\'.\r\n							$tabs_out.\'\r\n						</ul>\';\r\n\r\n					} else {\r\n\r\n						echo \'\r\n						<ul class=\"tabs\">\'.\r\n							$tabs_out.\'\r\n						</ul>\';\r\n\r\n					}\r\n\r\n					if (\"REX_VALUE[1]\" == \'tt\' || \"REX_VALUE[1]\" == \'vt\' || \"REX_VALUE[1]\" == \'bt\') {\r\n						echo \'\r\n						</diV>\';\r\n					}\r\n					?>\r\n\r\n				</div>\r\n			</div>\r\n	</section>\r\n\r\n\r\n	<?php\r\n} else {\r\n	echo \'\r\n	<p>Output only in frontend</p>\';\r\n}\r\n?>\r\n','<!-- *******************************************************\r\nTABS AUSGABE\r\n******************************************************** -->\r\n\r\n<fieldset class=\"form-horizontal\">\r\n    <div class=\"form-group\">\r\n        <label class=\"col-sm-2 control-label\" for=\"headline\">Überschrift</label>\r\n        <div class=\"col-sm-10\">\r\n            <input class=\"form-control\" id=\"headline\" type=\"text\" name=\"REX_INPUT_VALUE[2]\" value=\"REX_VALUE[2]\" />\r\n        </div>\r\n    </div>\r\n\r\n    <div class=\"form-group\">\r\n        <label class=\"col-sm-2 control-label\" for=\"headline-level\">Tab-Stil</label>\r\n        <div class=\"col-sm-10\">\r\n			<?php\r\n				$options = array(\r\n				\'ba\'=>\'Button-Akkordeons\',\r\n				\'ta\'=>\'Text-Akkordeons\',\r\n				\'bt\'=>\'Button-Tabs\',\r\n				\'vt\' => \'Vertikale Tabs\',\r\n				\'tt\' => \'Text-Tabs\'\r\n			);\r\n			?>\r\n			<select name=\"REX_INPUT_VALUE[1]\" id=\"headline-level\" class=\"form-control\">\r\n			<?php foreach ($options as $k=>$v) : ?>\r\n			<option value=\"<?php echo $k; ?>\"<?php if ($k == \"REX_VALUE[1]\") echo \' selected=\"selected\"\' ?>><?php echo $v; ?></option>\r\n			<?php endforeach ?>\r\n			</select>\r\n        </div>\r\n    </div>\r\n\r\n	<!--\r\n	<div class=\"form-group\">\r\n        <label class=\"col-sm-2 control-label\" for=\"headline-level\">falls Akkordeon</label>\r\n        <div class=\"col-sm-10\">\r\n			<?php\r\n				$options = array(\r\n				\'one-open\'=>\'Akkordeon schließt anderes\',\r\n				\'multi-open\'=>\'mehrere Akkordions offen\'\r\n			);\r\n			?>\r\n			<select name=\"REX_INPUT_VALUE[3]\" id=\"headline-level\" class=\"form-control\">\r\n			<?php foreach ($options as $k=>$v) : ?>\r\n			<option value=\"<?php echo $k; ?>\"<?php if ($k == \"REX_VALUE[3]\") echo \' selected=\"selected\"\' ?>><?php echo $v; ?></option>\r\n			<?php endforeach ?>\r\n			</select>\r\n        </div>\r\n    </div>\r\n	-->\r\n</fieldset>\r\n','admin','decaf','2015-12-01 10:24:18','2016-10-18 15:50:15','',0),
  (9,'09 . Downloads','<?php\r\n$background = (\"REX_VALUE[16]\" == \'true\') ? \' grey\' : \'\';\r\necho \'\r\n\r\n<div class=\" downloads-wrapper clearfix\'.$background.\'\">\r\n    <div class=\" downloads\';\r\n    if ($this->getTemplateId() == 1) {\r\n        echo \' container\';\r\n    }\r\n    if (\"REX_VALUE[19]\" != \'\') {\r\n        echo \' REX_VALUE[19]\';\r\n    }\r\n    echo \'\">\';\r\n\r\n        if (\"REX_VALUE[17]\" == \'vd\') {\r\n            echo \'\r\n            <div class=\"row\">\r\n            <div class=\"col-md-8 col-md-offset-2\">\';\r\n        }\r\n\r\n        if (\"REX_VALUE[2]\" != \'\') {\r\n            echo \'\r\n            <h3>REX_VALUE[2]</h3>\';\r\n        }\r\n\r\n        if (\"REX_MEDIALIST[1]\" != \'\') {\r\n\r\n            // Find out file size\r\n            if (!function_exists(\'datei_groesse\')) {\r\n                function datei_groesse($URL) {\r\n\r\n                    $groesse = filesize($URL);\r\n                    if($groesse<1000) {\r\n                        return number_format($groesse, 0, \",\", \".\").\" Bytes\";\r\n                    }\r\n                    elseif($groesse<1000000) {\r\n                        return number_format($groesse/1024, 0, \",\", \".\").\" kB\";\r\n                    } else {\r\n                        return number_format($groesse/1048576, 0, \",\", \".\").\" MB\";\r\n                    }\r\n                }\r\n            }\r\n\r\n            // Find out icon\r\n            if (!function_exists(\'parse_icon\')) {\r\n                function parse_icon($ext) {\r\n                    switch (strtolower($ext)) {\r\n                        case \'doc\': return \'<i class=\"fa fa-file-word-o\"></i>\';\r\n                        case \'pdf\': return \'<i class=\"fa fa-file-pdf-o\"></i>\';\r\n                        case \'zip\': return \'<i class=\"fa fa-archive-pdf-o\"></i>\';\r\n                        // please add your own settings, e.g. with icons of Font-Awesome\r\n                    default:\r\n                        return \'\';\r\n                    }\r\n                }\r\n            }\r\n\r\n\r\n            $languageSuffix = \'\';\r\n            if (rex_clang::getCurrentId() == 2) {\r\n                $languageSuffix = \'_en\';\r\n            }\r\n\r\n            $arr = explode(\",\",\"REX_MEDIALIST[1]\");\r\n            foreach ($arr as $value) {\r\n\r\n                $extension = substr(strrchr($value, \'.\'), 1);\r\n                $parsed_icon = parse_icon($extension);\r\n                $media = rex_media::get($value);\r\n                $file_desc = $media->getValue(\'med_description\' . $languageSuffix);\r\n\r\n                echo \'\r\n                <p><a href=\"\'.rex_getUrl(12, $this->clang, array (\'file\' => $value) ).\'\">\'.$parsed_icon;\r\n\r\n                // Description as linktext, if there is one. Otherwise filename\r\n                if ($file_desc != \"\") {\r\n                    echo $file_desc;\r\n                } else {\r\n                    echo $value;\r\n                }\r\n\r\n                echo \' (\'.datei_groesse(rex_path::media($value)).\')</a></p>\';\r\n\r\n            }\r\n        }\r\n\r\n        if (\"REX_VALUE[18]\"== \'true\'){\r\n            echo \'\r\n            <div class=\"hline\"></div>\';\r\n        }\r\n\r\n        if (\"REX_VALUE[17]\" == \'vd\') {\r\n            echo \'\r\n            </div>\r\n            </div>\';\r\n        }\r\n    echo \'\r\n    </div>\r\n</div>\';\r\n?>','<!-- *******************************************************\r\nGALERIE\r\n******************************************************** -->\r\n\r\n<fieldset class=\"form-horizontal\">\r\n    <legend>Galerie</legend>\r\n\r\n	<div class=\"form-group\">\r\n        <label class=\"col-sm-2 control-label\" for=\"headline\">Überschrift</label>\r\n        <div class=\"col-sm-10\">\r\n            <input class=\"form-control\" id=\"headline\" type=\"text\" name=\"REX_INPUT_VALUE[2]\" value=\"REX_VALUE[2]\" />\r\n        </div>\r\n    </div>\r\n\r\n    <div class=\"form-group\">\r\n        <label class=\"col-sm-2 control-label\" for=\"headline-level\">Überschrift-Ebene</label>\r\n        <div class=\"col-sm-10\">\r\n			<?php\r\n				$options = array(\r\n				\'h2\'=>\'2. Ebene\',\r\n				\'h3\'=>\'3. Ebene\'\r\n			);\r\n			?>\r\n			<select name=\"REX_INPUT_VALUE[3]\" id=\"headline-level\" class=\"form-control\">\r\n			<?php foreach ($options as $k=>$v) : ?>\r\n			<option value=\"<?php echo $k; ?>\"<?php if ($k == \"REX_VALUE[3]\") echo \' selected=\"selected\"\' ?>><?php echo $v; ?></option>\r\n			<?php endforeach ?>\r\n			</select>\r\n        </div>\r\n    </div>\r\n\r\n    <div class=\"form-group\">\r\n        <label class=\"col-sm-2 control-label\" for=\"headline\">Dateien zum Download</label>\r\n		<div class=\"col-sm-10\">\r\n            REX_MEDIALIST[id=\"1\" widget=\"1\"]\r\n        </div>\r\n    </div>\r\n\r\n	<div class=\"form-group\">\r\n        <label class=\"col-sm-2 control-label\" for=\"padding\">Einrückung</label>\r\n        <div class=\"col-sm-10\">\r\n			<?php\r\n				$options = array(\r\n				\'\'=>\'keine\',\r\n				\'vd\'=>\'ja\'\r\n			);\r\n			?>\r\n			<select name=\"REX_INPUT_VALUE[17]\" id=\"padding\" class=\"form-control\">\r\n			<?php foreach ($options as $k=>$v) : ?>\r\n			<option value=\"<?php echo $k; ?>\"<?php if ($k == \"REX_VALUE[17]\") echo \' selected=\"selected\"\' ?>><?php echo $v; ?></option>\r\n			<?php endforeach ?>\r\n			</select>\r\n        </div>\r\n    </div>\r\n\r\n    <div class=\"form-group\">\r\n        <label class=\"col-sm-2 control-label\" for=\"distance\">vertikaler Abstand</label>\r\n        <div class=\"col-sm-10\">\r\n			<?php\r\n				$options = array(\r\n				\'\'=>\'keiner\',\r\n				\'mt\'=>\'oberhalb\',\r\n				\'mb\'=>\'unterhalb\',\r\n				\'mtb\'=>\'ober- und unterhalb\'\r\n			);\r\n			?>\r\n			<select name=\"REX_INPUT_VALUE[19]\" id=\"distance\" class=\"form-control\">\r\n			<?php foreach ($options as $k=>$v) : ?>\r\n			<option value=\"<?php echo $k; ?>\"<?php if ($k == \"REX_VALUE[19]\") echo \' selected=\"selected\"\' ?>><?php echo $v; ?></option>\r\n			<?php endforeach ?>\r\n			</select>\r\n        </div>\r\n    </div>\r\n\r\n    <div class=\"form-group\">\r\n        <label class=\"col-sm-2 control-label\" for=\"line\">Trennlinie</label>\r\n        <div class=\"col-sm-10\">\r\n			<?php\r\n				$options = array(\r\n				\'\'=>\'nein\',\r\n				\'true\'=>\'ja\'\r\n			);\r\n			?>\r\n			<select name=\"REX_INPUT_VALUE[18]\" id=\"line\" class=\"form-control\">\r\n			<?php foreach ($options as $k=>$v) : ?>\r\n			<option value=\"<?php echo $k; ?>\"<?php if ($k == \"REX_VALUE[18]\") echo \' selected=\"selected\"\' ?>><?php echo $v; ?></option>\r\n			<?php endforeach ?>\r\n			</select>\r\n        </div>\r\n    </div>\r\n\r\n    <div class=\"form-group\">\r\n        <label class=\"col-sm-2 control-label\" for=\"line\">Hintergrund</label>\r\n        <div class=\"col-sm-10\">\r\n			<?php\r\n				$options = array(\r\n				\'\'=>\'weiß\',\r\n				\'true\'=>\'grau\'\r\n			);\r\n			?>\r\n			<select name=\"REX_INPUT_VALUE[16]\" id=\"line\" class=\"form-control\">\r\n			<?php foreach ($options as $k=>$v) : ?>\r\n			<option value=\"<?php echo $k; ?>\"<?php if ($k == \"REX_VALUE[16]\") echo \' selected=\"selected\"\' ?>><?php echo $v; ?></option>\r\n			<?php endforeach ?>\r\n			</select>\r\n        </div>\r\n    </div>\r\n\r\n</fieldset>\r\n\r\n<p>Bilder in der Medienkategorie \"Fotos\" (ID 1) haben ein zusätzliches Linkfeld.</p>\r\n','admin','admin','2015-12-01 10:24:45','2016-06-02 12:33:52','',0),
  (10,'11 . Code','<!-- *******************************************************\r\nCODE\r\n******************************************************** -->\r\n<div class=\"<?php if ($this->getTemplateId() == 1) echo \'container clearfix \'; ?>full<?php if (\"REX_VALUE[19]\" != \'\') echo \" REX_VALUE[19]\"; ?>\">\r\n<pre class=\"prettyprint lnaghtml linenums\">\r\nREX_VALUE[1]\r\n</pre>\r\n</div>\r\n','<!-- *******************************************************\r\nCODE\r\n******************************************************** -->\r\n\r\n<fieldset class=\"form-horizontal\">\r\n    <legend>Code</legend>\r\n\r\n    <div class=\"form-group\">\r\n        <label class=\"col-sm-2 control-label\" for=\"code\">Code</label>\r\n        <div class=\"col-sm-10\">\r\n            <textarea cols=\"1\" rows=\"10\" class=\"form-control rex-code\" id=\"code\" name=\"REX_INPUT_VALUE[1]\">REX_VALUE[1]</textarea>\r\n        </div>\r\n    </div>\r\n\r\n    <div class=\"form-group\">\r\n        <label class=\"col-sm-2 control-label\" for=\"distance\">Abstand</label>\r\n        <div class=\"col-sm-10\">\r\n			<?php\r\n				$options = array(\r\n				\'\'=>\'keiner\',\r\n				\'mt\'=>\'oberhalb\',\r\n				\'mb\'=>\'unterhalb\',\r\n				\'mtb\'=>\'ober- und unterhalb\'\r\n			);\r\n			?>\r\n			<select name=\"VALUE[19]\" id=\"distance\" class=\"form-control\">\r\n			<?php foreach ($options as $k=>$v) : ?>\r\n			<option value=\"<?php echo $k; ?>\"<?php if ($k == \"REX_VALUE[19]\") echo \' selected=\"selected\"\' ?>><?php echo $v; ?></option>\r\n			<?php endforeach ?>\r\n			</select>\r\n        </div>\r\n    </div>\r\n\r\n</fieldset>\r\n','admin','admin','2015-12-01 10:25:30','2016-03-19 12:40:37','',0),
  (11,'12 . Text Seitenspalte','<div class=\"sicetext<?php if (\"REX_VALUE[19]\" != \'\') echo \" REX_VALUE[19]\"; ?>\">\r\n\r\n	<?php\r\n	if (\"REX_VALUE[1]\" != \'\') {\r\n		echo \'\r\n		<REX_VALUE[2]>REX_VALUE[1]</REX_VALUE[2]>\';\r\n	}\r\n\r\n	if (\'REX_VALUE[id=3 isset=1]\') {\r\n	    $textile = markitup::parseOutput(\'textile\', \'REX_VALUE[id=3 output=\"html\"]\');\r\n	    echo str_replace(array(\'<b>\', \'</b>\'), array(\'<span class=\"label label-primary\">\', \'</span>\'), $textile);\r\n	}\r\n\r\n	if (\"REX_VALUE[18]\"== \'true\'){\r\n		echo \'\r\n		<div class=\"hline\"></div>\';\r\n	}\r\n\r\n	?>\r\n</div>\r\n\r\n<div class=\"spacing\"></div>\r\n','<!-- *******************************************************\r\nTEXT\r\n******************************************************** -->\r\n\r\n<fieldset class=\"form-horizontal\">\r\n    <legend>Text</legend>\r\n\r\n    <div class=\"form-group\">\r\n        <label class=\"col-sm-2 control-label\" for=\"headline\">Überschrift</label>\r\n        <div class=\"col-sm-10\">\r\n            <input class=\"form-control\" id=\"headline\" type=\"text\" name=\"REX_INPUT_VALUE[1]\" value=\"REX_VALUE[1]\" />\r\n        </div>\r\n    </div>\r\n\r\n    <div class=\"form-group\">\r\n        <label class=\"col-sm-2 control-label\" for=\"headline-level\">Überschrift-Ebene</label>\r\n        <div class=\"col-sm-10\">\r\n			<?php\r\n				$options = array(\r\n				\'h2\'=>\'2. Ebene\',\r\n				\'h3\'=>\'3. Ebene\'\r\n			);\r\n			?>\r\n			<select name=\"REX_INPUT_VALUE[2]\" id=\"headline-level\" class=\"form-control\">\r\n			<?php foreach ($options as $k=>$v) : ?>\r\n			<option value=\"<?php echo $k; ?>\"<?php if ($k == \"REX_VALUE[2]\") echo \' selected=\"selected\"\' ?>><?php echo $v; ?></option>\r\n			<?php endforeach ?>\r\n			</select>\r\n        </div>\r\n    </div>\r\n\r\n    <div class=\"form-group\">\r\n        <label class=\"col-sm-2 control-label\" for=\"markitup_1\">Text</label>\r\n        <div class=\"col-sm-10\">\r\n            <textarea cols=\"1\" rows=\"6\" class=\"form-control markitupEditor-textile_full\" id=\"markitup_1\" name=\"REX_INPUT_VALUE[3]\">REX_VALUE[3]</textarea>\r\n        </div>\r\n    </div>\r\n\r\n    <div class=\"form-group\">\r\n        <label class=\"col-sm-2 control-label\" for=\"distance\">vertikaler Abstand</label>\r\n        <div class=\"col-sm-10\">\r\n			<?php\r\n				$options = array(\r\n				\'\'=>\'keiner\',\r\n				\'mt\'=>\'oberhalb\',\r\n				\'mb\'=>\'unterhalb\',\r\n				\'mtb\'=>\'ober- und unterhalb\'\r\n			);\r\n			?>\r\n			<select name=\"REX_INPUT_VALUE[19]\" id=\"distance\" class=\"form-control\">\r\n			<?php foreach ($options as $k=>$v) : ?>\r\n			<option value=\"<?php echo $k; ?>\"<?php if ($k == \"REX_VALUE[19]\") echo \' selected=\"selected\"\' ?>><?php echo $v; ?></option>\r\n			<?php endforeach ?>\r\n			</select>\r\n        </div>\r\n    </div>\r\n\r\n    <div class=\"form-group\">\r\n        <label class=\"col-sm-2 control-label\" for=\"line\">Trennlinie</label>\r\n        <div class=\"col-sm-10\">\r\n			<?php\r\n				$options = array(\r\n				\'\'=>\'nein\',\r\n				\'true\'=>\'ja\'\r\n			);\r\n			?>\r\n			<select name=\"REX_INPUT_VALUE[18]\" id=\"line\" class=\"form-control\">\r\n			<?php foreach ($options as $k=>$v) : ?>\r\n			<option value=\"<?php echo $k; ?>\"<?php if ($k == \"REX_VALUE[18]\") echo \' selected=\"selected\"\' ?>><?php echo $v; ?></option>\r\n			<?php endforeach ?>\r\n			</select>\r\n        </div>\r\n    </div>\r\n\r\n</fieldset>\r\n','admin','decaf','2015-12-01 10:26:10','2016-10-18 15:50:15','',0),
  (12,'30 . PHP','REX_PHP','PHP:<br>\r\n<textarea name=INPUT_PHP cols=80 rows=60 style=\"width: 100%;\">REX_PHP</textarea>','admin','admin','2015-12-01 10:26:37','2015-12-20 07:12:10','',0),
  (13,'15 . Footer Text','<div class=\"col-md-4\">\r\n	<?php\r\n	if (\'REX_VALUE[id=1 isset=1]\') {\r\n		echo \'\r\n		<h4>REX_VALUE[1]</h4>\r\n		<div class=\"hline-w\"></div>\';\r\n	}\r\n\r\n	if (\'REX_VALUE[id=2 isset=1]\') {\r\n	    echo markitup::parseOutput(\'textile\', \'REX_VALUE[id=2 output=\"html\"]\');\r\n	}\r\n	?>\r\n</div>\r\n','<!-- *******************************************************\r\nFOOTER TEXTSPALTE\r\n******************************************************** -->\r\n\r\n<fieldset class=\"form-horizontal\">\r\n    <legend>Text</legend>\r\n\r\n    <div class=\"form-group\">\r\n        <label class=\"col-sm-2 control-label\" for=\"headline\">Überschrift</label>\r\n        <div class=\"col-sm-10\">\r\n            <input class=\"form-control\" id=\"headline\" type=\"text\" name=\"REX_INPUT_VALUE[1]\" value=\"REX_VALUE[1]\" />\r\n        </div>\r\n    </div>\r\n\r\n    <div class=\"form-group\">\r\n        <label class=\"col-sm-2 control-label\" for=\"markitup_1\">Text</label>\r\n        <div class=\"col-sm-10\">\r\n            <textarea cols=\"1\" rows=\"6\" class=\"form-control markitupEditor-full\" id=\"markitup_1\" name=\"REX_INPUT_VALUE[2]\">REX_VALUE[2]</textarea>\r\n        </div>\r\n    </div>\r\n\r\n</fieldset>\r\n','admin','decaf','2015-12-14 10:15:16','2016-10-18 15:50:15','',0),
  (14,'16 . Footer Social Links','<div class=\"col-md-4\">\r\n	<?php\r\n	if (\'REX_VALUE[id=1 isset=1]\') {\r\n		echo \'\r\n		<h4>REX_VALUE[1]</h4>\r\n		<div class=\"hline-w\"></div>\';\r\n	}\r\n\r\n	echo \'\r\n	<p class=\"social-links\">\';\r\n\r\n	if (\'REX_VALUE[id=2 isset=1]\') {\r\n		echo \'\r\n		<p class=\"social-links\">\r\n			<a href=\"REX_VALUE[2]\"><i class=\"fa fa-fw fa-facebook\"></i> Facebook</a>\r\n		</p>\';\r\n	}\r\n\r\n	if (\'REX_VALUE[id=3 isset=1]\') {\r\n		echo \'\r\n		<p class=\"social-links\">\r\n			<a href=\"REX_VALUE[3]\"><i class=\"fa fa-fw fa-twitter\"></i> Twitter</a>\r\n		</p>\';\r\n	}\r\n\r\n    if (\'REX_VALUE[id=4 isset=1]\') {\r\n        echo \'\r\n		<p class=\"social-links\">\r\n			<a href=\"REX_VALUE[4]\"><i class=\"fa fa-fw fa-github\"></i> GitHub</a>\r\n		</p>\';\r\n    }\r\n\r\n	echo \'\r\n	</p>\';\r\n	?>\r\n</div>\r\n','<!-- *******************************************************\r\nFOOTER SOCIAL LINKS\r\n******************************************************** -->\r\n\r\n<fieldset class=\"form-horizontal\">\r\n    <legend>Text</legend>\r\n\r\n    <div class=\"form-group\">\r\n        <label class=\"col-sm-2 control-label\" for=\"headline\">Überschrift</label>\r\n        <div class=\"col-sm-10\">\r\n            <input class=\"form-control\" id=\"headline\" type=\"text\" name=\"REX_INPUT_VALUE[1]\" value=\"REX_VALUE[1]\" />\r\n        </div>\r\n    </div>\r\n\r\n	<div class=\"form-group\">\r\n        <label class=\"col-sm-2 control-label\" for=\"facebook\">Facebook-Link</label>\r\n        <div class=\"col-sm-10\">\r\n            <input class=\"form-control\" id=\"facebook\" type=\"text\" name=\"REX_INPUT_VALUE[2]\" value=\"REX_VALUE[2]\" />\r\n        </div>\r\n    </div>\r\n\r\n	<div class=\"form-group\">\r\n        <label class=\"col-sm-2 control-label\" for=\"twitter\">Twitter-Link</label>\r\n        <div class=\"col-sm-10\">\r\n            <input class=\"form-control\" id=\"twitter\" type=\"text\" name=\"REX_INPUT_VALUE[3]\" value=\"REX_VALUE[3]\" />\r\n        </div>\r\n    </div>\r\n\r\n    <div class=\"form-group\">\r\n        <label class=\"col-sm-2 control-label\" for=\"twitter\">GitHub-Link</label>\r\n        <div class=\"col-sm-10\">\r\n            <input class=\"form-control\" id=\"github\" type=\"text\" name=\"REX_INPUT_VALUE[4]\" value=\"REX_VALUE[4]\" />\r\n        </div>\r\n    </div>\r\n\r\n</fieldset>\r\n','admin','admin','2015-12-14 10:15:33','2017-08-17 17:20:02','',0),
  (15,'17 . Footer Links','<div class=\"col-md-4\">\r\n	<?php\r\n	if (\'REX_VALUE[id=1 isset=1]\') {\r\n		echo \'\r\n		<h4>REX_VALUE[1]</h4>\r\n		<div class=\"hline-w\"></div>\';\r\n	}\r\n\r\n	if (\'REX_LINKLIST[1]\' != \'\') {\r\n		echo \'<ul>\';\r\n		$linklist = explode(\',\',\'REX_LINKLIST[1]\');\r\n		foreach ($linklist as $link) {\r\n			$art = rex_article::get($link);\r\n			if ($art instanceof rex_article) {\r\n\r\n                $class = \"\";\r\n                if(rex_article::getCurrentId() == $art->getId())\r\n                    $class = \' class=\"active\"\';\r\n\r\n				$art_name = $art->getValue(\'name\');\r\n				echo \'\r\n				<li\'.$class.\'><a href=\"\'.rex_getUrl($link).\'\">\'.$art_name.\'</a></li>\';\r\n			}\r\n		}\r\n		echo \'</ul>\';\r\n	}\r\n	?>\r\n</div>\r\n','<!-- *******************************************************\r\nFOOTER LINKLISTE\r\n******************************************************** -->\r\n\r\n<fieldset class=\"form-horizontal\">\r\n    <legend>Text</legend>\r\n\r\n    <div class=\"form-group\">\r\n        <label class=\"col-sm-2 control-label\" for=\"headline\">Überschrift</label>\r\n        <div class=\"col-sm-10\">\r\n            <input class=\"form-control\" id=\"headline\" type=\"text\" name=\"REX_INPUT_VALUE[1]\" value=\"REX_VALUE[1]\" />\r\n        </div>\r\n    </div>\r\n\r\n	<div class=\"form-group\">\r\n        <label class=\"col-sm-2 control-label\">Links</label>\r\n        <div class=\"col-sm-10\">\r\n            REX_LINKLIST[id=\"1\" widget=\"1\"]\r\n        </div>\r\n    </div>\r\n\r\n</fieldset>\r\n','admin','admin','2015-12-14 10:15:46','2017-08-18 11:25:49','',0),
  (16,'02b . Text (Redactor)','<?php\r\n$template = ($this->getTemplateId() == 1) ? \' container\' : \'\';\r\n$distance = (\"REX_VALUE[19]\" != \'\') ? \' REX_VALUE[19]\' : \'\';\r\n$background = (\"REX_VALUE[16]\" == \'true\') ? \' grey\' : \'\';\r\n\r\necho \'\r\n<section class=\"module-wrapper clearfix\'.$background.\'\">\r\n<div class=\"full\'.$template.$distance.\'\">\';\r\n\r\n	// Linker und recter Einzug?\r\n	if (\"REX_VALUE[17]\" == \'vd\') {\r\n		echo \'\r\n		<div class=\"row\">\r\n		<div class=\"col-md-8 col-md-offset-2\">\';\r\n	}\r\n\r\n	if (\"REX_VALUE[1]\" != \'\') {\r\n		echo \'\r\n		<REX_VALUE[2]>REX_VALUE[1]</REX_VALUE[2]>\';\r\n	}\r\n\r\n	if (\'REX_VALUE[id=3 isset=1]\') {\r\n	    echo \"REX_VALUE[id=3 output=html]\";\r\n	}\r\n\r\n	// Trennlinie?\r\n	if (\"REX_VALUE[18]\"== \'true\'){\r\n		echo \'\r\n		<div class=\"hline\"></div>\';\r\n	}\r\n\r\n	if (\"REX_VALUE[17]\" == \'vd\') {\r\n		echo \'\r\n		</div>\r\n		</div>\';\r\n	}\r\n	?>\r\n</div>\r\n</section>\r\n','<!-- *******************************************************\r\nTEXT\r\n******************************************************** -->\r\n\r\n<fieldset class=\"form-horizontal\">\r\n    <legend>Text</legend>\r\n\r\n    <div class=\"form-group\">\r\n        <label class=\"col-sm-2 control-label\" for=\"headline\">Überschrift</label>\r\n        <div class=\"col-sm-10\">\r\n            <input class=\"form-control\" id=\"headline\" type=\"text\" name=\"REX_INPUT_VALUE[1]\" value=\"REX_VALUE[1]\" />\r\n        </div>\r\n    </div>\r\n\r\n    <div class=\"form-group\">\r\n        <label class=\"col-sm-2 control-label\" for=\"headline-level\">Überschrift-Ebene</label>\r\n        <div class=\"col-sm-10\">\r\n			<?php\r\n				$options = array(\r\n				\'h2\'=>\'2. Ebene\',\r\n				\'h3\'=>\'3. Ebene\'\r\n			);\r\n			?>\r\n			<select name=\"REX_INPUT_VALUE[2]\" id=\"headline-level\" class=\"form-control\">\r\n			<?php foreach ($options as $k=>$v) : ?>\r\n			<option value=\"<?php echo $k; ?>\"<?php if ($k == \"REX_VALUE[2]\") echo \' selected=\"selected\"\' ?>><?php echo $v; ?></option>\r\n			<?php endforeach ?>\r\n			</select>\r\n        </div>\r\n    </div>\r\n\r\n    <div class=\"form-group\">\r\n        <label class=\"col-sm-2 control-label\" for=\"redactor\">Text</label>\r\n        <div class=\"col-sm-10\">\r\n            <textarea cols=\"1\" rows=\"6\" class=\"form-control redactorEditor2-demo\" id=\"redactor\" name=\"REX_INPUT_VALUE[3]\">REX_VALUE[3]</textarea>\r\n        </div>\r\n    </div>\r\n\r\n	<div class=\"form-group\">\r\n        <label class=\"col-sm-2 control-label\" for=\"padding\">Einrückung</label>\r\n        <div class=\"col-sm-10\">\r\n			<?php\r\n				$options = array(\r\n				\'\'=>\'keine\',\r\n				\'vd\'=>\'ja\'\r\n			);\r\n			?>\r\n			<select name=\"REX_INPUT_VALUE[17]\" id=\"padding\" class=\"form-control\">\r\n			<?php foreach ($options as $k=>$v) : ?>\r\n			<option value=\"<?php echo $k; ?>\"<?php if ($k == \"REX_VALUE[17]\") echo \' selected=\"selected\"\' ?>><?php echo $v; ?></option>\r\n			<?php endforeach ?>\r\n			</select>\r\n\r\n			<br><section class=\"rex-page-section\">\r\n			    <div class=\"panel panel-default\">\r\n\r\n			        <header class=\"panel-heading collapsed\" data-toggle=\"collapse\" data-target=\"#collapse-REX_SLICE_ID\" aria-expanded=\"false\">\r\n						<div class=\"panel-title\"><i class=\"rex-icon rex-icon-info\"></i> Hinweis</div>\r\n					</header>\r\n\r\n			        <div id=\"collapse-REX_SLICE_ID\" class=\"panel-collapse collapse\" aria-expanded=\"false\" style=\"height: 0px;\">\r\n\r\n			            <div class=\"panel-body\" style=\"background: #f3f6fb;\">\r\n			                <ul>\r\n								<li>Hier kann man eine linke und rechte Einrückung von je zwei Spalten des 12er-Bootstrap-Rasters aktivieren.</li>\r\n								<li>Der vertikale Abstand erzeugt einen oberen und unteren Zwischenraum von jeweils 60px.</li>\r\n							</ul>\r\n						</div>\r\n			        </div>\r\n			    </div>\r\n			</section>\r\n\r\n		</div>\r\n    </div>\r\n\r\n    <div class=\"form-group\">\r\n        <label class=\"col-sm-2 control-label\" for=\"distance\">vertikaler Abstand</label>\r\n        <div class=\"col-sm-10\">\r\n			<?php\r\n				$options = array(\r\n				\'\'=>\'keiner\',\r\n				\'mt\'=>\'oberhalb\',\r\n				\'mb\'=>\'unterhalb\',\r\n				\'mtb\'=>\'ober- und unterhalb\'\r\n			);\r\n			?>\r\n			<select name=\"REX_INPUT_VALUE[19]\" id=\"distance\" class=\"form-control\">\r\n			<?php foreach ($options as $k=>$v) : ?>\r\n			<option value=\"<?php echo $k; ?>\"<?php if ($k == \"REX_VALUE[19]\") echo \' selected=\"selected\"\' ?>><?php echo $v; ?></option>\r\n			<?php endforeach ?>\r\n			</select>\r\n        </div>\r\n    </div>\r\n\r\n    <div class=\"form-group\">\r\n        <label class=\"col-sm-2 control-label\" for=\"line\">Trennlinie</label>\r\n        <div class=\"col-sm-10\">\r\n			<?php\r\n				$options = array(\r\n				\'\'=>\'nein\',\r\n				\'true\'=>\'ja\'\r\n			);\r\n			?>\r\n			<select name=\"REX_INPUT_VALUE[18]\" id=\"line\" class=\"form-control\">\r\n			<?php foreach ($options as $k=>$v) : ?>\r\n			<option value=\"<?php echo $k; ?>\"<?php if ($k == \"REX_VALUE[18]\") echo \' selected=\"selected\"\' ?>><?php echo $v; ?></option>\r\n			<?php endforeach ?>\r\n			</select>\r\n        </div>\r\n    </div>\r\n\r\n    <div class=\"form-group\">\r\n        <label class=\"col-sm-2 control-label\" for=\"line\">Hintergrund</label>\r\n        <div class=\"col-sm-10\">\r\n			<?php\r\n				$options = array(\r\n				\'\'=>\'weiß\',\r\n				\'true\'=>\'grau\'\r\n			);\r\n			?>\r\n			<select name=\"REX_INPUT_VALUE[16]\" id=\"line\" class=\"form-control\">\r\n			<?php foreach ($options as $k=>$v) : ?>\r\n			<option value=\"<?php echo $k; ?>\"<?php if ($k == \"REX_VALUE[16]\") echo \' selected=\"selected\"\' ?>><?php echo $v; ?></option>\r\n			<?php endforeach ?>\r\n			</select>\r\n        </div>\r\n    </div>\r\n\r\n</fieldset>\r\n','admin','decaf','2015-12-18 09:40:51','2016-10-18 16:40:34','',0),
  (17,'20 . YForm','<?php\r\n\r\n/**\r\n * yform\r\n * @author jan.kristinus[at]redaxo[dot]org Jan Kristinus\r\n * @author <a href=\"http://www.yakamara.de\">www.yakamara.de</a>\r\n */\r\n\r\n// module:yform_basic_output\r\n// v1.0\r\n//--------------------------------------------------------------------------------\r\n\r\n$yform = new rex_yform;\r\nif (\"REX_VALUE[7]\" == 1) { $yform->setDebug(TRUE); }\r\n$form_data = \'REX_VALUE[3]\';\r\n$form_data = trim(str_replace(\"<br />\",\"\",rex_yform::unhtmlentities($form_data)));\r\n$yform->setObjectparams(\'form_action\', rex_getUrl(REX_ARTICLE_ID,REX_CLANG_ID));\r\n$yform->setFormData($form_data);\r\n\r\n// action - showtext\r\nif(\"REX_VALUE[id=11]\" != \"\") {\r\n    $html = \"0\"; // plaintext\r\n    if(\'REX_VALUE[11]\' == 1) $html = \"1\"; // html\r\n    if(\'REX_VALUE[11]\' == 2) $html = \"2\"; // textile\r\n\r\n    $e3 = \'\'; $e4 = \'\';\r\n    if ($html == \"0\") {\r\n        $e3 = \'<div class=\"rex-message\"><div class=\"rex-info\"><p>\';\r\n        $e4 = \'</p></div></div>\';\r\n    }\r\n\r\n    $t = str_replace(\"<br />\",\"\",rex_yform::unhtmlentities(\'REX_VALUE[6]\'));\r\n    $yform->setActionField(\"showtext\",array(\r\n    $t,\r\n    $e3,\r\n    $e4,\r\n    $html // als HTML interpretieren\r\n    )\r\n    );\r\n}\r\n\r\n$form_type = \"REX_VALUE[1]\";\r\n\r\n// action - email\r\nif ($form_type == \"1\" || $form_type == \"2\") {\r\n    $mail_from = rex::getProperty(\'error_email\');\r\n    if(\"REX_VALUE[2]\" != \"\") $mail_from = \"REX_VALUE[2]\";\r\n    $mail_to = rex::getProperty(\'error_email\');\r\n    if(\"REX_VALUE[12]\" != \"\") $mail_to = \"REX_VALUE[12]\";\r\n    $mail_subject = \"REX_VALUE[4]\";\r\n    $mail_body = str_replace(\"<br />\",\"\",rex_yform::unhtmlentities(\'REX_VALUE[5]\'));\r\n    $yform->setActionField(\"email\", array(\r\n    $mail_from,\r\n    $mail_to,\r\n    $mail_subject,\r\n    $mail_body\r\n    )\r\n    );\r\n}\r\n\r\n// action - db\r\nif ($form_type == \"0\" || $form_type == \"2\") {\r\n    $yform->setObjectparams(\'main_table\', \'REX_VALUE[8]\');\r\n\r\n    //getdata\r\n    if (\"REX_VALUE[10]\" != \"\")\r\n        $yform->setObjectparams(\"getdata\",TRUE);\r\n\r\n    $yform->setActionField(\"db\", array(\r\n    \"REX_VALUE[8]\", // table\r\n    $yform->objparams[\"main_where\"], // where\r\n    )\r\n    );\r\n}\r\n\r\n$container = ($this->getTemplateId() == 1) ? \'container \' : \'\';\r\necho \'\r\n<div class=\"\'.$container.\'form\">\';\r\n\r\n	echo $yform->getForm();\r\n\r\necho \'\r\n</div>\';\r\n?>','<?php\r\n\r\n/**\r\n * yform\r\n * @author jan.kristinus[at]redaxo[dot]org Jan Kristinus\r\n * @author <a href=\"http://www.yakamara.de\">www.yakamara.de</a>\r\n */\r\n\r\n// module:yform_basic_input\r\n// v1.0\r\n// --------------------------------------------------------------------------------\r\n\r\n// DEBUG SELECT\r\n////////////////////////////////////////////////////////////////////////////////\r\n$dbg_sel = new rex_select();\r\n$dbg_sel->setName(\'REX_INPUT_VALUE[7]\');\r\n$dbg_sel->setSize(1);\r\n$dbg_sel->addOption(\'inaktiv\',\'0\');\r\n$dbg_sel->addOption(\'aktiv\',\'1\');\r\n$dbg_sel->setSelected(\'REX_VALUE[7]\');\r\n$dbg_sel = $dbg_sel->get();\r\n\r\n\r\n// TABLE SELECT\r\n////////////////////////////////////////////////////////////////////////////////\r\n$gc = rex_sql::factory();\r\n$gc->setQuery(\'SHOW TABLES\');\r\n$tables = $gc->getArray();\r\n$tbl_sel = new rex_select;\r\n$tbl_sel->setName(\'VALUE[8]\');\r\n$tbl_sel->setSize(1);\r\n$tbl_sel->addOption(\'Keine Tabelle ausgewählt\', \'\');\r\nforeach ($tables as $key => $value) {\r\n  $tbl_sel->addOption(current($value), current($value));\r\n}\r\n$tbl_sel->setSelected(\'REX_VALUE[8]\');\r\n$tbl_sel = $tbl_sel->get();\r\n\r\n\r\n// PLACEHOLDERS\r\n////////////////////////////////////////////////////////////////////////////////\r\n$yform = new rex_yform;\r\n$form_data = \'REX_VALUE[3]\';\r\n$form_data = trim(str_replace(\'<br />\',\'\',rex_yform::unhtmlentities($form_data)));\r\n$yform->setFormData($form_data);\r\n$yform->setRedaxoVars(REX_ARTICLE_ID,REX_CLANG_ID);\r\n$placeholders = \'\';\r\nif(\'REX_VALUE[3]\'!=\'\') {\r\n  $ignores = array(\'html\',\'validate\',\'action\');\r\n  $placeholders .= \'  <strong class=\"hint\">Platzhalter: <span>[<a href=\"#\" id=\"yform-placeholders-help-toggler\">?</a>]</span></strong>\r\n  <p id=\"yform-placeholders\">\'.PHP_EOL;\r\n  foreach($yform->objparams[\'form_elements\'] as $e) {\r\n    if(!in_array($e[0],$ignores) && isset($e[1])) {\r\n      $placeholders .= \'<span>###\'.$e[1].\'###</span> \'.PHP_EOL;\r\n    }\r\n  }\r\n  $placeholders .= \'  </p>\'.PHP_EOL;\r\n}\r\n\r\n\r\n// OTHERS\r\n////////////////////////////////////////////////////////////////////////////////\r\n$row_pad = 1;\r\n\r\n$sel = \'REX_VALUE[1]\';\r\n$db_display   = ($sel==\'\' || $sel==1) ?\'style=\"display:none\"\':\'\';\r\n$mail_display = ($sel==\'\' || $sel==0) ?\'style=\"display:none\"\':\'\';\r\n\r\n?>\r\n\r\n<style type=\"text/css\" media=\"screen\">\r\n  /*BAISC MODUL STYLE*/\r\n  #yform-modul                       {margin:0;padding:0;line-height:25px;}\r\n  #yform-modul fieldset              {background:#E4E1D1;margin:-20px 0 0 0;padding: 4px 10px 10px 10px;-moz-border-radius:6px;-webkit-border-radius:6px;border-radius:6px;}\r\n  #yform-modul fieldset legend       {display:block !important;position:relative !important;height:auto !important;top:0 !important;left:0 !important;width:100% !important;margin:0 0 0 0 !important;padding:30px 0 0 0px !important;background:transparent !important;border-bottom:1px solid #B1B1B1 !important;color:gray;font-size:14px;font-weight:bold;}\r\n  #yform-modul fieldset legend em    {font-size:10px;font-weight:normal;font-style:normal;}\r\n  #yform-modul fieldset strong.label,\r\n  #yform-modul fieldset label        {display:inline-block !important;width:150px !important;font-weight:bold;}\r\n  #yform-modul fieldset label span   {font-weight:normal;}\r\n  #yform-modul input,\r\n  #yform-modul select                {width:460px;border:auto;margin:0 !important;padding:0 !important;}\r\n  #yform-modul input[type=\"checkbox\"]{width:auto;}\r\n  #yform-modul hr                    {border:0;height:0;margin:4px 0 4px 0;padding:0;border-top:1px solid #B1B1B1 !important;clear:left;}\r\n  #yform-modul a.blank               {background:url(\"../files/addons/be_style/plugins/agk_skin/popup.gif\") no-repeat 100% 0;padding-right:17px;}\r\n  #yform-modul #modulinfo            {font-size:10px;text-align:right;}\r\n  /*yform MODUL*/\r\n  #yform-modul textarea              {min-height:50px;font-family:monospace;font-size:12px;}\r\n  #yform-modul pre                   {clear:left;}\r\n  #yform-modul strong span           {font-weight:normal;}\r\n  #yform-modul .help                 {display:none;color:#2C8EC0;line-height:12px;}\r\n  #yform-modul .area-wrapper         {background:white;border:1px solid #737373;margin-bottom:10px;width:100%;}\r\n  #yform-modul .fullwidth            {width:100% !important;}\r\n  #yform-modul #thx-markup           {width:auto !important;}\r\n  #yform-modul #thx-markup input     {width:auto !important;}\r\n  #yform-modul #yform-placeholders-help,\r\n  #yform-modul #yform-where-help     {display:none;}\r\n  #yform-modul #yform-placeholders,\r\n  #yform-modul #yform-classes-showhelp {background:white;border:1px solid #737373;margin-bottom:10px;width:100%;}\r\n  #yform-modul #yform-placeholders {padding:4px 10px;float:none;width:auto;}\r\n  #yform-modul #yform-placeholders span:hover {color:red;cursor:pointer;}\r\n  #yform-modul em.hint               {color:silver;margin:0;padding:0 0 0 10px;}\r\n  /*SHOWHELP OVERRIDES*/\r\n  #yform-modul ul.yform.root         {border:0;outline:0;margin:4px 0;padding:0;width:100%;background:transparent;}\r\n  #yform-modul ul.yform              {font-size:1.1em;line-height:1.4em;}\r\n</style>\r\n\r\n\r\n<div id=\"yform-modul\">\r\n  <fieldset>\r\n    <legend>Formular</legend>\r\n\r\n    <label>DebugModus:</label>\r\n    <?php echo $dbg_sel;?>\r\n\r\n    <hr />\r\n\r\n    <label class=\"fullwidth\">Felddefinitionen:</label>\r\n    <textarea name=\"REX_INPUT_VALUE[3]\" id=\"yform-form-definition\" class=\"fullwidth\" rows=\"<?php echo (count(explode(\"\\r\",\'REX_VALUE[3]\'))+$row_pad);?>\">REX_VALUE[3]</textarea>\r\n\r\n    <strong class=\"label\">Verfügbare Feld-Klassen:</strong>\r\n    <div id=\"yform-classes-showhelp\">\r\n      <?php echo rex_yform::showHelp(true,true); ?>\r\n    </div><!-- #yform-classes-showhelp -->\r\n\r\n    <div id=\"thx-markup\"><strong>Meldung bei erfolgreichen Versand:</strong> (\r\n      <input type=\"radio\" name=\"REX_INPUT_VALUE[11]\" value=\"0\" <?php if(\"REX_VALUE[11]\" == \"0\") echo \'checked=\"checked\"\'; ?>> Plaintext\r\n      <input type=\"radio\" name=\"REX_INPUT_VALUE[11]\" value=\"1\" <?php if(\"REX_VALUE[11]\" == \"1\") echo \'checked=\"checked\"\'; ?>> HTML\r\n      <input type=\"radio\" name=\"REX_INPUT_VALUE[11]\" value=\"2\" <?php if(\"REX_VALUE[11]\" == \"2\") echo \'checked=\"checked\"\'; ?>> Textile)\r\n    </div><!-- #thx-markup -->\r\n    <textarea name=\"REX_INPUT_VALUE[6]\" id=\"yform-thx-message\" class=\"fullwidth\" rows=\"<?php echo (count(explode(\"\\r\",\'REX_VALUE[6]\'))+$row_pad);?>\">REX_VALUE[6]</textarea>\r\n\r\n  </fieldset>\r\n\r\n\r\n  <fieldset>\r\n    <legend>Vordefinierte Aktionen</legend>\r\n\r\n    <label>Bei Submit:</label>\r\n    <select name=\"REX_INPUT_VALUE[1]\" id=\"yform-action-select\" style=\"width:auto;\">\r\n      <option value=\"\"  <?php if(\"REX_VALUE[1]\" == \"\")  echo \" selected \"; ?>>Nichts machen (actions im Formular definieren)</option>\r\n      <option value=\"0\" <?php if(\"REX_VALUE[1]\" == \"0\") echo \" selected \"; ?>>Nur in Datenbank speichern</option>\r\n      <option value=\"1\" <?php if(\"REX_VALUE[1]\" == \"1\") echo \" selected \"; ?>>Nur E-Mail versenden</option>\r\n      <option value=\"2\" <?php if(\"REX_VALUE[1]\" == \"2\") echo \" selected \"; ?>>E-Mail versenden und in Datenbank speichern</option>\r\n    </select>\r\n\r\n  </fieldset>\r\n\r\n\r\n  <fieldset id=\"yform-mail-fieldset\" <?php echo $mail_display;?> >\r\n    <legend>Emailversand:</legend>\r\n\r\n    <label>Absender:</label>\r\n    <input type=\"text\" name=\"REX_INPUT_VALUE[2]\" value=\"REX_VALUE[2]\" />\r\n\r\n    <label>Empfänger:</label>\r\n    <input type=\"text\" name=\"REX_INPUT_VALUE[12]\" value=\"REX_VALUE[12]\" />\r\n\r\n    <label>Subject:</label>\r\n    <input type=\"text\" name=\"REX_INPUT_VALUE[4]\" value=\"REX_VALUE[4]\" />\r\n    <label class=\"fullwidth\">Mailbody:</label>\r\n    <textarea id=\"yform-mail-body\" class=\"fullwidth\" name=\"REX_INPUT_VALUE[5]\" rows=\"<?php echo (count(explode(\"\\r\",\'REX_VALUE[5]\'))+$row_pad);?>\">REX_VALUE[5]</textarea>\r\n\r\n    <?php echo $placeholders;?>\r\n\r\n    <ul class=\"help\" id=\"yform-placeholders-help\">\r\n      <li>Die Platzhalter ergeben sich aus den obenstehenden Felddefinitionen.</li>\r\n      <li>Per click können einzelne Platzhalter in den Mail-Body kopiert werden.</li>\r\n      <li>Aktualisierung der Platzhalter erfolgt über die Aktualisierung des Moduls.</li>\r\n    </ul>\r\n\r\n\r\n  </fieldset>\r\n\r\n\r\n  <fieldset id=\"yform-db-fieldset\" <?php echo $db_display;?> >\r\n    <legend>Datenbank Einstellungen</legend>\r\n\r\n    <label>Tabelle wählen <span>[<a href=\"#\" id=\"yform-db-help-toggler\">?</a>]</span></label>\r\n    <?php echo $tbl_sel;?>\r\n    <ul class=\"help\" id=\"yform-db-select-help\">\r\n      <li>Hier werden die Daten des Formular hineingespeichert</li>\r\n    </ul>\r\n\r\n    <hr />\r\n\r\n  </fieldset>\r\n\r\n  <p id=\"modulinfo\">yform Formbuilder v1.0</p>\r\n\r\n</div><!-- #yform-modul -->\r\n\r\n<script type=\"text/javascript\">\r\n  <!--\r\n  (function($){\r\n\r\n    // AUTOGROW BY ROWS\r\n    $(\'#yform-modul textarea\').keyup(function(){\r\n      var rows = $(this).val().split(/\\r?\\n|\\r/).length + <?php echo $row_pad;?>;\r\n      $(this).attr(\'rows\',rows);\r\n    });\r\n\r\n    // TOGGLERS\r\n    $(\'#yform-placeholders-help-toggler\').click(function(){\r\n      $(\'#yform-placeholders-help\').toggle(50);return false;\r\n    });\r\n    $(\'#yform-yform-where-help-toggler\').click(function(){\r\n      $(\'#yform-where-help\').toggle(50);return false;\r\n    });\r\n    $(\'#yform-db-help-toggler\').click(function(){\r\n      $(\'#yform-db-select-help\').toggle(50);return false;\r\n    });\r\n\r\n\r\n    // INSERT PLACEHOLDERS\r\n    $(\'#yform-placeholders span\').click(function(){\r\n      newval = $(\'#yform-mail-body\').val()+\' \'+$(this).html();\r\n      $(\'#yform-mail-body\').val(newval);\r\n    });\r\n\r\n    // TOGGLE MAIL/DB PANELS\r\n    $(\'#yform-action-select\').change(function(){\r\n      switch($(this).val()){\r\n        case \'\':\r\n          $(\'#yform-db-fieldset\').hide(0);\r\n          $(\'#yform-mail-fieldset\').hide(0);\r\n          break;\r\n        case \'1\':\r\n          $(\'#yform-db-fieldset\').hide(0);\r\n          $(\'#yform-mail-fieldset\').show(0);\r\n          break;\r\n        case \'0\':\r\n          $(\'#yform-db-fieldset\').show(0);\r\n          $(\'#yform-mail-fieldset\').hide(0);\r\n          break;\r\n        case \'2\':\r\n        case \'3\':\r\n          $(\'#yform-db-fieldset\').show(0);\r\n          $(\'#yform-mail-fieldset\').show(0);\r\n          break;\r\n      }\r\n    });\r\n\r\n  })(jQuery)\r\n  //-->\r\n</script>','','admin','0000-00-00 00:00:00','2016-01-29 11:09:15','',0),
  (18,'10 . Teaser Unterkategorien','<?php\r\n$cats = rex_category::get($this->getValue(\'article_id\'));\r\n$children = $cats->getChildren();\r\n\r\nif (is_array($children)) {\r\n\r\n	$container = ($this->getTemplateId() == 1) ? \'container \' : \'\';\r\n	echo \'\r\n	<div class=\"\'.$container.\'teaser clearfix\">\';\r\n\r\n	foreach ($children as $child) {\r\n\r\n		if ($child->isOnline() && $child->getValue(\'cat_pic\') != \'\') {\r\n\r\n			$media = rex_media::get($child->getValue(\'cat_pic\'));\r\n			$title = $media->getValue(\'title\');\r\n			$desc = $media->getValue(\'cat_description\');\r\n\r\n			echo \'\r\n			<div class=\"row\">\r\n				<div class=\"col-lg-5\">\r\n					<img class=\"image-deco\" src=\"index.php?rex_media_type=content&rex_media_file=\'.$child->getValue(\'cat_pic\').\'\" alt=\"\'.$desc.\'\">\r\n				</div>\';\r\n\r\n				echo \'\r\n				<div class=\"col-lg-7\">\r\n					<h2><a class=\"hover-title\" href=\"\'.rex_getUrl($child->getId()).\'\">\'.$child->getValue(\'name\').\'</a></h2>\';\r\n					if($child->getValue(\'cat_description\') != \'\') {\r\n					    echo markitup::parseOutput(\'textile\', $child->getValue(\'cat_description\'));\r\n					}\r\n\r\n					echo \'\r\n					<a class=\"btn btn-theme\" href=\"\'.rex_getUrl($child->getId(), rex_clang::getCurrentId()).\'\" class=\"btn btn-theme\"><span>{{ more_info }}</span></a>\r\n				</div>\r\n			</div>\r\n			<div class=\"hline\"></div>\';\r\n\r\n		}\r\n	}\r\n	echo \'\r\n	</div>\';\r\n\r\n}\r\n?>\r\n','<section class=\"rex-page-section\">\r\n    <div class=\"panel panel-default\">\r\n\r\n        <header class=\"panel-heading collapsed\" >\r\n			<div class=\"panel-title\"><i class=\"rex-icon rex-icon-info\"></i> Hinweis</div>\r\n		</header>\r\n\r\n        <div class=\"panel-collapse\">\r\n\r\n            <div class=\"panel-body\" style=\"background: #f3f6fb;\">\r\n				<p>Das Modul listet alle Unterkategorien, die:</p>\r\n				<ul>\r\n					<li>online sind</li>\r\n					<li>ein Foto im Kategorie-Metafeld zugewiesen bekamen</li>\r\n				</ul>\r\n				<br><p>Kategorie-Metafelder erreicht man durch Klick auf das Pluszeichen beim Editieren einer Kategorie.</p>\r\n			</div>\r\n        </div>\r\n    </div>\r\n</section>\r\n','admin','decaf','2015-12-31 00:06:41','2016-10-18 15:50:15','',0);
/*!40000 ALTER TABLE `rex_module` ENABLE KEYS */;
UNLOCK TABLES;

DROP TABLE IF EXISTS `rex_module_action`;
CREATE TABLE `rex_module_action` (
  `id` int(10) unsigned NOT NULL AUTO_INCREMENT,
  `module_id` int(10) unsigned NOT NULL,
  `action_id` int(10) unsigned NOT NULL,
  `revision` int(10) unsigned NOT NULL,
  PRIMARY KEY (`id`)
) ENGINE=InnoDB DEFAULT CHARSET=utf8;
DROP TABLE IF EXISTS `rex_redactor2_profiles`;
CREATE TABLE `rex_redactor2_profiles` (
  `id` int(11) unsigned NOT NULL AUTO_INCREMENT,
  `name` varchar(30) NOT NULL DEFAULT '',
  `description` varchar(255) NOT NULL DEFAULT '',
  `urltype` varchar(50) NOT NULL,
  `minheight` smallint(5) unsigned NOT NULL,
  `maxheight` smallint(5) unsigned NOT NULL,
  `characterlimit` smallint(5) unsigned NOT NULL,
  `toolbarfixed` tinyint(1) NOT NULL,
  `shortcuts` tinyint(1) NOT NULL,
  `redactor_plugins` text NOT NULL,
  `linkify` tinyint(1) NOT NULL,
  `redactor_customplugins` text NOT NULL,
  PRIMARY KEY (`id`)
) ENGINE=InnoDB AUTO_INCREMENT=3 DEFAULT CHARSET=utf8;

LOCK TABLES `rex_redactor2_profiles` WRITE;
/*!40000 ALTER TABLE `rex_redactor2_profiles` DISABLE KEYS */;
INSERT INTO `rex_redactor2_profiles` VALUES 
  (1,'full','Standard Redactor-Konfiguration','relative',300,800,0,0,0,'alignment,blockquote,bold,cleaner,clips[Snippetname1=Snippettext1|Snippetname2=Snippettext2],deleted,emaillink,externallink,fontcolor[Weiss=#ffffff|Schwarz=#000000],fontfamily[Arial|Times],fontsize[12px|15pt|120%],fullscreen,groupheading[1|2|3|4|5|6],grouplink[email|external|internal|media],grouplist[unorderedlist|orderedlist|indent|outdent],heading1,heading2,heading3,heading4,heading5,heading6,horizontalrule,internallink,italic,media,medialink,orderedlist,paragraph,properties,redo,source,styles[code=Code|kbd=Shortcut|mark=Markiert|samp=Sample|var=Variable],sub,sup,table,textdirection,underline,undo,unorderedlist',0,''),
  (2,'demo','Redactor-Konfiguration für die Demo','relative',300,800,0,1,1,'groupheading[1|2|3|4|5|6],alignment,bold,italic,unorderedlist,orderedlist,blockquote,table,grouplink[email|external|internal|media],horizontalrule,cleaner,fullscreen,properties,source',0,'');
/*!40000 ALTER TABLE `rex_redactor2_profiles` ENABLE KEYS */;
UNLOCK TABLES;

DROP TABLE IF EXISTS `rex_sprog_wildcard`;
CREATE TABLE `rex_sprog_wildcard` (
  `pid` int(10) unsigned NOT NULL AUTO_INCREMENT,
  `id` int(10) unsigned NOT NULL,
  `clang_id` int(10) unsigned NOT NULL,
  `wildcard` varchar(255) DEFAULT NULL,
  `replace` text,
  `createuser` varchar(255) NOT NULL,
  `updateuser` varchar(255) NOT NULL,
  `createdate` datetime NOT NULL,
  `updatedate` datetime NOT NULL,
  `revision` int(10) unsigned NOT NULL,
  PRIMARY KEY (`pid`)
) ENGINE=InnoDB AUTO_INCREMENT=19 DEFAULT CHARSET=utf8;

LOCK TABLES `rex_sprog_wildcard` WRITE;
/*!40000 ALTER TABLE `rex_sprog_wildcard` DISABLE KEYS */;
INSERT INTO `rex_sprog_wildcard` VALUES 
  (1,1,1,'more_info','Mehr Informationen','admin','admin','2016-05-30 19:54:56','2016-05-30 19:54:56',0),
  (2,1,2,'more_info','More Information','admin','admin','2016-05-30 19:54:56','2016-05-30 19:58:27',0),
  (3,2,1,'form_firstname','Vorname','admin','admin','2016-05-30 20:03:22','2016-05-30 20:03:22',0),
  (4,2,2,'form_firstname','First name','admin','admin','2016-05-30 20:03:22','2016-05-30 20:36:52',0),
  (5,3,1,'form_error_firstname','Bitte Vornamen angeben','admin','admin','2016-05-30 20:34:44','2016-05-30 20:34:44',0),
  (6,3,2,'form_error_firstname','Please fill in your first name','admin','admin','2016-05-30 20:34:44','2016-05-30 20:47:13',0),
  (7,4,1,'form_lastname','Nachname','admin','admin','2016-05-30 20:35:48','2016-05-30 20:35:48',0),
  (8,4,2,'form_lastname',' Last name','admin','admin','2016-05-30 20:35:48','2016-05-30 20:46:38',0),
  (9,5,1,'form_error_lastname','Bitte Nachnamen angeben','admin','admin','2016-05-30 20:36:01','2016-05-30 20:36:01',0),
  (10,5,2,'form_error_lastname','Please fill in your last name','admin','admin','2016-05-30 20:36:01','2016-05-30 20:47:28',0),
  (11,6,1,'form_message','Nachricht','admin','admin','2016-05-30 20:36:09','2016-05-30 20:36:09',0),
  (12,6,2,'form_message','Message','admin','admin','2016-05-30 20:36:09','2016-05-30 20:46:48',0),
  (13,7,1,'form_error_message','Bitte Nachricht angeben','admin','admin','2016-05-30 20:36:21','2016-05-30 20:36:21',0),
  (14,7,2,'form_error_message','Please fill in your message','admin','admin','2016-05-30 20:36:22','2016-05-30 20:47:45',0),
  (15,8,1,'form_send','Nachricht senden','admin','admin','2016-05-30 20:36:29','2016-05-30 20:49:02',0),
  (16,8,2,'form_send','Send message','admin','admin','2016-05-30 20:36:30','2016-05-30 20:46:26',0),
  (17,9,1,'languages','Sprachen','admin','admin','2016-06-01 23:26:33','2016-06-01 23:26:33',0),
  (18,9,2,'languages','Sprachen','admin','admin','2016-06-01 23:26:33','2016-06-01 23:26:33',0);
/*!40000 ALTER TABLE `rex_sprog_wildcard` ENABLE KEYS */;
UNLOCK TABLES;

DROP TABLE IF EXISTS `rex_template`;
CREATE TABLE `rex_template` (
  `id` int(10) unsigned NOT NULL AUTO_INCREMENT,
  `name` varchar(255) DEFAULT NULL,
  `content` text,
  `active` tinyint(1) DEFAULT NULL,
  `createuser` varchar(255) NOT NULL,
  `updateuser` varchar(255) NOT NULL,
  `createdate` datetime NOT NULL,
  `updatedate` datetime NOT NULL,
  `attributes` text,
  `revision` int(11) NOT NULL,
  PRIMARY KEY (`id`)
) ENGINE=InnoDB AUTO_INCREMENT=11 DEFAULT CHARSET=utf8;

LOCK TABLES `rex_template` WRITE;
/*!40000 ALTER TABLE `rex_template` DISABLE KEYS */;
INSERT INTO `rex_template` VALUES 
  (1,'01 . Standard','<?php\r\ndefine(\'SITE_TYPE\', \'col1\');\r\n?>\r\nREX_TEMPLATE[3]\r\n',1,'admin','admin','2015-12-31 00:13:04','2015-12-31 00:13:04','{\"ctype\":[],\"modules\":{\"1\":{\"0\":\"1\",\"1\":\"2\",\"2\":\"16\",\"3\":\"3\",\"4\":\"4\",\"5\":\"5\",\"6\":\"6\",\"7\":\"7\",\"8\":\"8\",\"9\":\"9\",\"10\":\"18\",\"11\":\"10\",\"12\":\"11\",\"13\":\"17\",\"14\":\"12\",\"all\":0}},\"categories\":{\"all\":\"1\"}}',0),
  (2,'02 . Zweispalter','<?php\r\ndefine(\'SITE_TYPE\', \'col2\');\r\n?>\r\nREX_TEMPLATE[3]\r\n',1,'admin','admin','2016-01-13 22:57:28','2016-01-13 22:57:28','{\"ctype\":{\"1\":\"Hauptspalte\",\"2\":\"Seitenspalte\"},\"modules\":{\"1\":{\"0\":\"1\",\"1\":\"2\",\"2\":\"16\",\"3\":\"3\",\"4\":\"4\",\"5\":\"5\",\"6\":\"6\",\"7\":\"7\",\"8\":\"8\",\"9\":\"9\",\"10\":\"18\",\"11\":\"10\",\"12\":\"17\",\"13\":\"12\",\"all\":0},\"2\":{\"0\":\"11\",\"all\":0},\"3\":{\"all\":\"1\"}},\"categories\":{\"all\":\"1\"}}',0),
  (3,'03 . TEMPLATE','REX_TEMPLATE[4]\r\n<body>\r\n\r\n<!-- Fixed navbar -->\r\n<div class=\"navbar navbar-default navbar-fixed-top\" role=\"navigation\">\r\n  <div class=\"container\">\r\n	<div class=\"navbar-header\">\r\n	  <button type=\"button\" class=\"navbar-toggle\" data-toggle=\"collapse\" data-target=\".navbar-collapse\">\r\n		<span class=\"sr-only\">Toggle navigation</span>\r\n		<span class=\"icon-bar\"></span>\r\n		<span class=\"icon-bar\"></span>\r\n		<span class=\"icon-bar\"></span>\r\n	  </button>\r\n	  <a class=\"navbar-brand\" href=\"<?= rex_getUrl(rex_article::getSiteStartArticleId(), rex_clang::getCurrentId()) ?>\"><img src=\"<?= rex_url::base(\'resources/css/images/logo.svg\') ?>\" alt=\"REDAXO CMS\"></a>\r\n	</div>\r\n	<div class=\"navbar-collapse collapse navbar-right\">\r\n		<!-- Navigation -->\r\n		REX_TEMPLATE[6]\r\n		<!--/Navigation -->\r\n\r\n	</div><!--/.nav-collapse -->\r\n  </div>\r\n</div>\r\n\r\n<!-- *******************************************************\r\nHeaderpic\r\n******************************************************* -->\r\nREX_TEMPLATE[5]\r\n\r\n<?php\r\n// Breadcrumb\r\n$path = explode(\"|\",$this->getValue(\"path\").$this->getValue(\"article_id\").\"|\");\r\n$secondLevel = $path[2];\r\n\r\nif ($secondLevel != \'\') { // show breadcrumb only in second level or deeper\r\n	echo \'<div class=\"container breadcrumb-wrapper\">\';\r\n		echo \'Du bist hier: \';\r\n		$startArticle = rex_article::get(rex_article::getSiteStartArticleId());\r\n		$startArticleUrl = $startArticle->getUrl();\r\n		$startArticleName = $startArticle->getName();\r\n		echo \'<a href=\"\'.$startArticleUrl.\'\"><span class=\"home_link\">\'.$startArticleName.\'</a></span>\';\r\n\r\n		$nav = rex_navigation::factory();\r\n		echo $nav->showBreadcrumb(\'\', true);\r\n	echo \'</div>\';\r\n}\r\n\r\n/*\r\nIf \"01 . Standard\", content-container has full width\r\n*/\r\nif (SITE_TYPE == \'col1\') { ?>\r\n	<article class=\"mtb\">\r\n		<?php echo $this->getArticle(\'1\'); ?>\r\n	</article>\r\n<?php }\r\n\r\n/*\r\nIf \"02 . Zweispalter\", there is a main column and a side column with 2/3 - 1/3 width\r\n*/\r\nif (SITE_TYPE == \'col2\') { ?>\r\n	<div class=\"container mtb\">\r\n		<div class=\"row\">\r\n\r\n			<div class=\"col-lg-8 col-sm-12\">\r\n				<?php echo $this->getArticle(\'1\'); ?>\r\n			</div>\r\n\r\n			<div class=\"col-lg-3 col-lg-offset-1 sidebar hidden-xs hidden-sm\">\r\n				<!-- Subnavigation -->\r\n				REX_TEMPLATE[8]\r\n				<!-- /Subnavigation -->\r\n\r\n				<!-- more Content -->\r\n				<?php echo $this->getArticle(\'2\'); ?>\r\n			</div>\r\n\r\n		</div>\r\n	</div>\r\n<?php } ?>\r\n\r\n<!-- *******************************************************\r\n FOOTER\r\n ******************************************************* -->\r\nREX_TEMPLATE[7]\r\n\r\n<div style=\"display:none;\">REDAXO 5 rocks!</div>\r\n\r\n<!-- Javascripts -->\r\n<script type=\"text/javascript\" src=\"<?= rex_url::base(\'resources/js/jquery.min.js\') ?>\"></script>\r\n<script type=\"text/javascript\" src=\"<?= rex_url::base(\'resources/js/bootstrap.min.js\') ?>\"></script>\r\n<script type=\"text/javascript\" src=\"<?= rex_url::base(\'resources/js/jquery.hoverex.min.js\') ?>\"></script>\r\n<script type=\"text/javascript\" src=\"<?= rex_url::base(\'resources/js/jquery.prettyPhoto.js\') ?>\"></script>\r\n<script type=\"text/javascript\" src=\"<?= rex_url::base(\'resources/js/jquery.flexslider-min.js\') ?>\"></script>\r\n<script type=\"text/javascript\" src=\"<?= rex_url::base(\'resources/js/prettify.js\') ?>\"></script>\r\n<script type=\"text/javascript\" src=\"<?= rex_url::base(\'resources/js/redaxo-demo.js\') ?>\"></script>\r\n\r\n</body>\r\n</html>',0,'admin','admin','2016-06-02 12:23:40','2016-06-02 12:23:40','{\"ctype\":[],\"modules\":{\"1\":{\"all\":\"1\"}},\"categories\":{\"all\":\"1\"}}',0),
  (4,'00 . Header','<?php\r\n// error_reporting(0);\r\nerror_reporting(E_ALL);\r\n// Error report should only be active during development. Deavtivate (0) on a live website\r\n\r\n// Is User not logged in?\r\nif (!rex_backend_login::hasSession()) {\r\n	// Is current article offline?\r\n	if ($this->getValue(\'status\') == 0) {\r\n		// redirect to 404 page\r\n		header (\'HTTP/1.1 301 Moved Permanently\');\r\n		header(\'Location: \'.rex_getUrl(rex_article::getNotFoundArticleId(), rex_clang::getCurrentId()));\r\n		die();\r\n	}\r\n}\r\n\r\n// Necessary for input and output of module \"Tabs und Akkordions\"\r\nrex::setProperty(\'tabs\', new ArrayIterator());\r\n\r\n// set charset to utf8\r\nheader(\'Content-Type: text/html; charset=utf-8\');\r\n\r\n// setLocale is a language meta field, set your individual locale informations per language\r\nsetlocale (LC_ALL, rex_clang::getCurrent()->getValue(\'clang_setlocale\'));\r\n\r\n?><!DOCTYPE html>\r\n<html lang=\"<?php echo rex_clang::getCurrent()->getCode(); ?>\">\r\n<head>\r\n	<meta charset=\"utf-8\">\r\n	<meta http-equiv=\"X-UA-Compatible\" content=\"IE=edge\">\r\n	<meta name=\"viewport\" content=\"width=device-width, initial-scale=1\">\r\n	<?php\r\n	// Use article title as title-Tag, unless a custom title-tag is set\r\n    if ($this->hasValue(\"art_title\") && $this->getValue(\"art_title\") != \"\") {\r\n		$title = htmlspecialchars($this->getValue(\'art_title\'));\r\n	} else {\r\n		$title = htmlspecialchars($this->getValue(\'name\'));\r\n	}\r\n\r\n	echo \'\r\n	<title>\'.$title.\'</title>\';\r\n\r\n	// Keywords and description\r\n	// If current article does not have keywords and description, take them from start article\r\n	$keywords = \"\";\r\n    if ($this->hasValue(\"art_keywords\") && $this->getValue(\"art_keywords\") != \"\") {\r\n        $keywords = $this->getValue(\"art_keywords\");\r\n    } else {\r\n        $home = new rex_article_content(rex_article::getSiteStartArticleId());\r\n        if ($home->hasValue(\"art_keywords\")) {\r\n            $keywords = $home->getValue(\'art_keywords\');\r\n        }\r\n    }\r\n\r\n    $description = \"\";\r\n    if ($this->hasValue(\"art_description\") && $this->getValue(\"art_description\") != \"\") {\r\n        $description = $this->getValue(\"art_description\");\r\n    } else {\r\n        $home = new rex_article_content(rex_article::getSiteStartArticleId());\r\n        if ($home->hasValue(\"art_description\")) {\r\n            $description = $home->getValue(\'art_description\');\r\n        }\r\n    }\r\n\r\n	echo \'\r\n	<meta name=\"keywords\" content=\"\'.htmlspecialchars($keywords).\'\">\';\r\n\r\n	echo \'\r\n	<meta name=\"description\" content=\"\'.htmlspecialchars($description).\'\">\';\r\n	?>\r\n\r\n	<link rel=\"stylesheet\" href=\"<?= rex_url::base(\'resources/css/bootstrap.css\') ?>\">\r\n	<link rel=\"stylesheet\" href=\"<?= rex_url::base(\'resources/css/redaxo-demo.css\') ?>\">\r\n	<link rel=\"stylesheet\" href=\"<?= rex_url::base(\'resources/css/font-awesome.min.css\') ?>\">\r\n	<link rel=\"stylesheet\" href=\"<?= rex_url::base(\'resources/css/flexslider.css\') ?>\">\r\n	<link rel=\"stylesheet\" href=\"<?= rex_url::base(\'resources/css/menu.css\') ?>\">\r\n	<link rel=\"stylesheet\" href=\"<?= rex_url::base(\'resources/css/forms.css\') ?>\">\r\n	<link rel=\"stylesheet\" href=\"<?= rex_url::base(\'resources/css/prettify.css\') ?>\">\r\n\r\n    <link rel=\"apple-touch-icon\" sizes=\"180x180\" href=\"<?= rex_url::base(\'resources/favicons/apple-touch-icon.png\') ?>\">\r\n    <link rel=\"icon\" type=\"image/png\" sizes=\"32x32\" href=\"<?= rex_url::base(\'resources/favicons/favicon-32x32.png\') ?>\">\r\n    <link rel=\"icon\" type=\"image/png\" sizes=\"16x16\" href=\"<?= rex_url::base(\'resources/favicons/favicon-16x16.png\') ?>\">\r\n\r\n	<!-- HTML5 shim and Respond.js IE8 support of HTML5 elements and media queries -->\r\n	<!--[if lt IE 9]>\r\n		<script src=\"https://oss.maxcdn.com/libs/html5shiv/3.7.0/html5shiv.js\"></script>\r\n		<script src=\"https://oss.maxcdn.com/libs/respond.js/1.4.2/respond.min.js\"></script>\r\n	<![endif]-->\r\n</head>\r\n',0,'admin','admin','2017-02-15 22:37:41','2017-08-17 23:38:03','{\"ctype\":[],\"modules\":{\"1\":{\"all\":\"1\"}},\"categories\":{\"all\":\"1\"}}',0),
  (5,'04 . Headerbild','<?php\r\n// Include Headerpicture recursive\r\n// If current article has no picture, take picture from parent categories\r\n$header = \'\';\r\n$headerpic = $this->getValue(\'art_file\');\r\n$darken = $this->getValue(\'art_darken\');\r\n\r\nif ($headerpic == \'\') {\r\n    $category = rex_article::getCurrent()->getCategory();\r\n    while ($headerpic == \'\') {\r\n        if ($category == null) {\r\n            break;\r\n        }\r\n        $headerpic = $category->getValue(\'art_file\');\r\n        $darken = $category->getValue(\'art_darken\');\r\n        $category = $category->getParent();\r\n    }\r\n}\r\n\r\nif ($headerpic == \'\') {\r\n    $headerpic = rex_article::getSiteStartArticle()->getValue(\'art_file\');\r\n    $darken = rex_article::getSiteStartArticle()->getValue(\'art_file_darken\');\r\n}\r\n\r\n\r\n$header = \'\r\n<div id=\"headerpic\" style=\"background-image: url(\'.rex_url::frontendController([\'rex_media_type\' => \'fullscreen\', \'rex_media_file\' => $headerpic]).\');\">\';\r\n\r\n    // Darken header picture\r\n    if ($darken == \'\')  $darken = \'0.35\'; // Default darken 35%\r\n    $header .= \'\r\n    <div class=\"layer\" style=\"opacity: \'.$darken.\';\"></div>\';\r\n\r\n    $header .= \'\r\n    <div class=\"container centered\">\r\n        <div class=\"row\">\r\n            <h3>\'.$this->getValue(\'name\').\'</h3>\r\n        </div><!-- /row -->\r\n    </div> <!-- /container -->\r\n</div><!-- /headerpic -->\';\r\n\r\n\r\n\r\n// If gallery exists,\r\n// show gallery instead of header picture\r\nif ($this->getValue(\'art_gallery\') != \'\') {\r\n\r\n    $header = \'\r\n    <section class=\"hero-slider slider-fullscreen\">\r\n        <ul class=\"slides\">\';\r\n        \r\n            $imagelist = explode(\',\', $this->getValue(\'art_gallery\'));\r\n            foreach ($imagelist as $file) {\r\n            \r\n                $media = rex_media::get($file);\r\n                if ($media) {\r\n                \r\n                    $languageSuffix = \'\';\r\n                    if (rex_clang::getCurrentId() == 2) {\r\n                        $languageSuffix = \'_en\';\r\n                    }\r\n\r\n                    $mediadesc = str_replace(array(\"\\r\\n\", \"\\n\", \"\\r\"), \' \', $media->getValue(\'med_description\' . $languageSuffix));\r\n					// english\r\n					$mediatitle = $media->getValue(\'med_gallery_title\' . $languageSuffix);\r\n                    $mediatext = $media->getValue(\'med_gallery_text\' . $languageSuffix);\r\n                    $medialinktext = $media->getValue(\'med_gallery_link_text\' . $languageSuffix);\r\n					$medialink = $media->getValue(\'med_gallery_link\');\r\n					$mediadarken = $media->getValue(\'med_darken\');\r\n\r\n                    $header .= \'\r\n                    <li class=\"parallax kenburns\">\';\r\n                        \r\n                        // Abdunkelung\r\n                        if ($mediadarken == \'\') $mediadarken = \'0.35\'; // Default darken 35%\r\n                        $header .= \'\r\n                        <div class=\"overlay\" style=\"opacity: \'.$mediadarken.\';\"></div>\';\r\n\r\n                        $header .= \'\r\n                        <img alt=\"\'.$mediatitle.\'\" class=\"background-image\" src=\"\'.rex_url::frontendController([\'rex_media_type\' => \'fullscreen\', \'rex_media_file\' => $file]).\'\">\';\r\n\r\n\r\n                        if ($mediatitle != \'\' || $mediatext != \'\') {\r\n                            $header .= \'\r\n                            <div class=\"row slide-content animate\">\r\n                                <div class=\"col-lg-6 col-lg-offset-3 text-center\">\';\r\n\r\n                                    if ($mediatitle != \'\') {\r\n                                        $header .= \'\r\n                                        <h1>\'.$mediatitle.\'</h1>\';\r\n                                    }\r\n                                    if ($mediatitle != \'\') {\r\n                                        $header .= \'\r\n                                        <p class=\"lead\">\'.$mediatext.\'</p>\';\r\n                                    }\r\n                                    if ($medialink != \'\' && $medialinktext != \'\') {\r\n                                        $header .= \'\r\n                                        <a href=\"\'.$medialink.\'\" class=\"btn btn-theme\">\'.$medialinktext.\'</a>\';\r\n                                    }\r\n\r\n                                    $header .= \'\r\n                                </div>\r\n                            </div>\';\r\n                        }\r\n\r\n                    $header .= \'\r\n                    </li>\';\r\n                }\r\n            }\r\n        \r\n        $header .= \'\r\n        </ul>\r\n    </section><!--end of fullscreen slider-->\';\r\n}\r\n\r\necho $header;\r\n?>',0,'admin','admin','2016-06-09 09:52:25','2017-08-17 22:40:14','{\"ctype\":[],\"modules\":{\"1\":{\"all\":\"1\"}},\"categories\":{\"all\":\"1\"}}',0),
  (6,'05 . Navigation','REX_TEMPLATE[10]\r\n<?php\r\n$path = explode(\"|\",$this->getValue(\"path\").$this->getValue(\"article_id\").\"|\");\r\n$path1 = ((!empty($path[1])) ? $path[1] : \'\');\r\n$path2 = ((!empty($path[2])) ? $path[2] : \'\');\r\n\r\n$nav_main = \'\';\r\n\r\nforeach (rex_category::getRootCategories() as $lev1) {\r\n\r\n	$hidden_ids = array(1,6);\r\n	// Home und Footer-Hilfsartikel sollen nicht in der Navi auftauchen\r\n	if ($lev1->isOnline(true) && (!in_array($lev1->getId(), $hidden_ids))) {\r\n		\r\n		if ($lev1->getId() == $path1) {\r\n			$nav_main .= \'\r\n			<li class=\"dropdown-toggle active\"><a href=\"\'.$lev1->getUrl().\'\">\'.htmlspecialchars($lev1->getValue(\'name\')).\'</a>\';\r\n		} else {\r\n   			$nav_main .= \'\r\n			<li class=\"dropdown-toggle\"><a href=\"\'.$lev1->getUrl().\'\">\'.htmlspecialchars($lev1->getValue(\'name\')).\'</a>\';\r\n		}\r\n\r\n		// 1st level start\r\n		$lev1Size = sizeof($lev1->getChildren());\r\n\r\n			if ($lev1Size != \"0\") {\r\n\r\n				$nav_main .= \'\r\n				<ul class=\"dropdown-menu\">\';\r\n\r\n					// START 2nd level categories\r\n					foreach ($lev1->getChildren() as $lev2):\r\n						if ($lev2->isOnline(true)) {\r\n\r\n							if ($lev2->getId() == $path2) {\r\n								$nav_main .= \'\r\n								<li class=\"dropdown-toggle active\"><a href=\"\'.$lev2->getUrl().\'\">\'.htmlspecialchars($lev2->getValue(\'name\')).\'</a></li>\';\r\n							} else {\r\n								$nav_main .= \'\r\n								<li class=\"dropdown-toggle\"><a href=\"\'.$lev2->getUrl().\'\">\'.htmlspecialchars($lev2->getValue(\'name\')).\'</a></li>\';\r\n							}\r\n						}\r\n					endforeach;\r\n\r\n				$nav_main .= \'\r\n				</ul>\';\r\n\r\n			}\r\n\r\n		$nav_main .= \'\r\n		</li>\';\r\n	}\r\n}\r\n\r\necho \'\r\n<div class=\"navbar-collapse collapse navbar-right\">\r\n	<ul class=\"nav navbar-nav\">\r\n		\'.$nav_main.\'\r\n		\'.rex::getProperty(\'lang_switch\').\'\r\n	</ul>\r\n</div><!--/.nav-collapse -->\';\r\n?>\r\n',0,'admin','admin','2017-02-15 22:42:57','2017-02-15 22:42:57','{\"ctype\":[],\"modules\":{\"1\":{\"all\":\"1\"}},\"categories\":{\"all\":\"1\"}}',0),
  (7,'07 . Footer Hilfstemplate',' <div id=\"footerwrap\">\r\n	<div class=\"container\">\r\n		<div class=\"row\">\r\n			<div class=\"col-md-12\">\r\n\r\n			REX_ARTICLE[id=6]\r\n			<?php\r\n			// Include content of article 6. You can do it this way too:\r\n			// $footer = new rex_article_content(6);\r\n			// echo $footer->getArticle(\'1\');\r\n			?>\r\n\r\n			</div><! --/col -->\r\n		</div><! --/row -->\r\n	</div><! --/container -->\r\n </div><! --/footerwrap -->\r\n',1,'admin','admin','2016-06-02 12:25:02','2016-06-02 12:25:02','{\"ctype\":[],\"modules\":{\"1\":{\"0\":\"13\",\"1\":\"14\",\"2\":\"15\",\"all\":0}},\"categories\":{\"0\":\"6\",\"all\":0}}',0),
  (8,'06 . Subnavigation (Sidebar)','<?php\r\n$path = explode(\"|\",$this->getValue(\"path\").$this->getValue(\"article_id\").\"|\");\r\n$path1 = ((!empty($path[1])) ? $path[1] : \'\');\r\n$path2 = ((!empty($path[2])) ? $path[2] : \'\');\r\n\r\n$article = rex_article::get($path1);\r\n$articleUrl = $article->getUrl();\r\n$articleName = $article->getName();\r\n\r\n$nav = rex_navigation::factory();\r\n$subnav = $nav->get($path1,2,TRUE,TRUE);\r\n\r\nif ($subnav != \'\') {\r\n\r\n	echo \'\r\n	<h4 id=\"sidenav_title\"><a href=\"\'.$articleUrl.\'\">\'.$articleName.\'</a></h4>\r\n	<div class=\"hline\"></div>\';\r\n\r\n	echo $subnav;\r\n\r\n}\r\n?>\r\n',0,'admin','admin','2015-12-31 07:50:40','2016-01-13 13:58:27','{\"ctype\":[],\"modules\":{\"1\":{\"all\":\"1\"}},\"categories\":{\"all\":\"1\"}}',0),
  (9,'08 . Download Hilfstemplate','<?php\r\n$file_name = strtolower(preg_replace(\"/[^a-zA-Z0-9.\\-\\$\\+]/\",\"_\",rex_request(\'file\', \'string\')));\r\n$file_type = \"application/octetstream\";\r\n$file_path = rex_path::media($file_name);\r\n\r\nif ($file_name != \"\" && $fp = @fopen(\"$file_path\", \"r\"))\r\n{\r\n\r\nheader(\"Expires: Mon, 01 Jan 2000 01:01:01 GMT\"); // Date in the past\r\nheader(\"Last-Modified: \" . gmdate(\"D, d M Y H:i:s\") . \" GMT\");// always modified\r\nheader(\"Cache-Control: no-store, no-cache, must-revalidate\");// HTTP/1.1\r\nheader(\"Cache-Control: post-check=0, pre-check=0\", false);\r\nheader(\"Cache-Control: private\");\r\nheader(\"Pragma: no-cache\");\r\nheader(\"Content-Type: $file_type; name=\\\"$file_name\\\"\");\r\nheader(\"Content-Disposition: attachment; filename=\\\"$file_name\\\"\");\r\n\r\nrex_response::cleanOutputBuffers();\r\nfpassthru ($fp);\r\nfclose($fp);\r\nexit;\r\n\r\n}else\r\n{\r\n\r\necho \"<div class=warning>Download failed</div>\";\r\n\r\n}\r\n?>',1,'admin','admin','2016-06-02 12:25:27','2016-06-02 12:25:27','{\"ctype\":[],\"modules\":{\"1\":{\"all\":0}},\"categories\":{\"0\":\"6\",\"all\":0}}',0),
  (10,'09 . Sprachwechsler','<?php\r\n// uncomment to show language array\r\n// print_r(rex_clang::getAll());\r\n\r\n$current_language = \'\';\r\n$languages = \'\';\r\n\r\n\r\n// two languages online -> only show link to other language\r\nif (count(rex_clang::getAll(true)) == 2) {\r\n\r\n	foreach (rex_clang::getAll(true) as $lang) {\r\n		if (rex_clang::getCurrentId() != $lang->getValue(\'id\')) {\r\n			$languages = \'\r\n			<li class=\"lang-title visible-xs\">{{ languages }}</li>\r\n			<li class=\"lang\">\r\n				<a href=\"\'.rex_getUrl($this->getValue(\'article_id\'), $lang->getValue(\'id\')).\'\" title=\"\'.$lang->getValue(\'name\').\'\">\r\n					<span class=\"hidden-xs\">\'.$lang->getValue(\'code\').\'</span>\r\n					<span class=\"visible-xs\">\'.$lang->getValue(\'name\').\'</span>\r\n				</a>\r\n			</li>\';\r\n		}\r\n	}\r\n\r\n	rex::setProperty(\'lang_switch\', $languages);\r\n\r\n// more than two languages online -> show dropdown, current language not clickable\r\n} elseif (count(rex_clang::getAll(true)) > 2) {\r\n	\r\n	foreach (rex_clang::getAll(true) as $lang) {\r\n		if (rex_clang::getCurrentId() == $lang->getValue(\'id\')) {\r\n			$current_language .= \'\r\n			<a href=\"#\" title=\"\'.$lang->getValue(\'name\').\'\">\r\n				<span class=\"hidden-xs\">\'.$lang->getValue(\'code\').\'</span>\r\n				<span class=\"visible-xs\">\'.$lang->getValue(\'name\').\'</span>\r\n			</a>\';\r\n		} else {\r\n			$languages .= \'\r\n			<li class=\"dropdown-toggle\">\r\n				<a href=\"\'.rex_getUrl($this->getValue(\'article_id\'), $lang->getValue(\'id\')).\'\" title=\"\'.$lang->getValue(\'name\').\'\">\r\n					<span class=\"hidden-xs\">\'.$lang->getValue(\'code\').\'</span>\r\n					<span class=\"visible-xs\">\'.$lang->getValue(\'name\').\'</span>\r\n				</a>\r\n			</li>\';\r\n		}\r\n	}\r\n\r\n	rex::setProperty(\'lang_switch\', \'<li class=\"lang-title visible-xs\">{{ languages }}</li><li class=\"dropdown-toggle lang\">\' . $current_language . \'<ul class=\"dropdown-menu\">\' . $languages . \'</ul></li>\');\r\n\r\n}\r\n?>',0,'admin','admin','2016-06-01 23:27:27','2016-06-01 23:27:27','{\"ctype\":[],\"modules\":{\"1\":{\"all\":\"1\"}},\"categories\":{\"all\":\"1\"}}',0);
/*!40000 ALTER TABLE `rex_template` ENABLE KEYS */;
UNLOCK TABLES;

DROP TABLE IF EXISTS `rex_user_role`;
CREATE TABLE `rex_user_role` (
  `id` int(10) unsigned NOT NULL AUTO_INCREMENT,
  `name` varchar(255) DEFAULT NULL,
  `description` text,
  `perms` text NOT NULL,
  `createuser` varchar(255) NOT NULL,
  `updateuser` varchar(255) NOT NULL,
  `createdate` datetime NOT NULL,
  `updatedate` datetime NOT NULL,
  `revision` int(10) unsigned NOT NULL,
  PRIMARY KEY (`id`)
) ENGINE=InnoDB DEFAULT CHARSET=utf8;
DROP TABLE IF EXISTS `rex_yform_email_template`;
CREATE TABLE `rex_yform_email_template` (
  `id` int(11) NOT NULL AUTO_INCREMENT,
  `name` varchar(255) NOT NULL DEFAULT '',
  `mail_from` varchar(255) NOT NULL DEFAULT '',
  `mail_from_name` varchar(255) NOT NULL DEFAULT '',
  `subject` varchar(255) NOT NULL DEFAULT '',
  `body` text NOT NULL,
  `body_html` text NOT NULL,
  `attachments` text NOT NULL,
  PRIMARY KEY (`id`)
) ENGINE=InnoDB DEFAULT CHARSET=utf8;
DROP TABLE IF EXISTS `rex_yform_field`;
CREATE TABLE `rex_yform_field` (
  `id` int(11) NOT NULL AUTO_INCREMENT,
  `table_name` varchar(100) NOT NULL,
  `prio` int(11) NOT NULL,
  `type_id` varchar(100) NOT NULL,
  `type_name` varchar(100) NOT NULL,
  `list_hidden` tinyint(1) NOT NULL,
  `search` tinyint(1) NOT NULL,
  `name` text NOT NULL,
  `label` text NOT NULL,
  `not_required` text NOT NULL,
  PRIMARY KEY (`id`)
) ENGINE=InnoDB DEFAULT CHARSET=utf8;
DROP TABLE IF EXISTS `rex_yform_history`;
CREATE TABLE `rex_yform_history` (
  `id` int(11) NOT NULL AUTO_INCREMENT,
  `table_name` varchar(255) NOT NULL,
  `dataset_id` int(11) NOT NULL,
  `action` varchar(255) NOT NULL,
  `user` varchar(255) NOT NULL,
  `timestamp` datetime NOT NULL,
  PRIMARY KEY (`id`),
  KEY `dataset` (`table_name`,`dataset_id`)
) ENGINE=InnoDB DEFAULT CHARSET=utf8;
DROP TABLE IF EXISTS `rex_yform_history_field`;
CREATE TABLE `rex_yform_history_field` (
  `history_id` int(11) NOT NULL,
  `field` varchar(255) NOT NULL,
  `value` longtext NOT NULL,
  PRIMARY KEY (`history_id`,`field`)
) ENGINE=InnoDB DEFAULT CHARSET=utf8;
DROP TABLE IF EXISTS `rex_yform_table`;
CREATE TABLE `rex_yform_table` (
  `id` int(11) NOT NULL AUTO_INCREMENT,
  `status` tinyint(1) NOT NULL,
  `table_name` varchar(100) NOT NULL,
  `name` varchar(100) NOT NULL,
  `description` text NOT NULL,
  `list_amount` tinyint(3) unsigned NOT NULL DEFAULT '50',
  `list_sortfield` varchar(255) NOT NULL DEFAULT 'id',
  `list_sortorder` enum('ASC','DESC') NOT NULL DEFAULT 'ASC',
  `prio` int(11) NOT NULL,
  `search` tinyint(1) NOT NULL,
  `hidden` tinyint(1) NOT NULL,
  `export` tinyint(1) NOT NULL,
  `import` tinyint(1) NOT NULL,
  `mass_deletion` tinyint(1) NOT NULL,
  `history` tinyint(1) NOT NULL,
  PRIMARY KEY (`id`),
  UNIQUE KEY `table_name` (`table_name`)
) ENGINE=InnoDB DEFAULT CHARSET=utf8;
SET FOREIGN_KEY_CHECKS = 1;
